:020000040800F2
:10400000E01E002069420008E9CC00081DBF00083E
:104010004DCB00081D6A00082DD6000800000000E6
:10402000000000000000000000000000A9CD000812
:10403000C56B000800000000EDCC0008ABCD000807
:10404000834200088342000883420008834200083C
:10405000834200088342000883420008834200082C
:10406000834200088342000883420008834200081C
:10407000834200088342000883420008834200080C
:104080008342000883420008096700088342000851
:10409000196B00088342000883420008834200082D
:1040A0008342000859CE000883420008834200087A
:1040B00083420008834200088342000883420008CC
:1040C00083420008834200088342000883420008BC
:1040D000834200080DD60008834200081DD6000860
:1040E0008342000883420008834200080000000069
:1040F00000000000000000000000000000000000C0
:104100000000000000000000834200088342000815
:1041100099CF0008834200088342000883420008C8
:104120008342000883420008896B0008834200082C
:10413000834200088342000883420008834200084B
:10414000296B00088342000883420008834200086C
:1041500000F002F800F079F80AA090E8000C824420
:104160008344AAF10107DA4501D100F06EF8AFF2FD
:10417000090EBAE80F0013F0010F18BFFB1A43F045
:1041800001031847F8BB000018BC00000A444FF0B8
:10419000000C10F8013B13F0070408BF10F8014BA6
:1041A0001D1108BF10F8015B641E05D010F8016BEB
:1041B000641E01F8016BF9D113F0080F1EBF10F84F
:1041C000014BAD1C0C1B09D16D1E58BF01F801CB72
:1041D000FAD505E014F8016B01F8016B6D1EF9D5F5
:1041E0009142D6D37047000000230024002500260A
:1041F000103A28BF78C1FBD8520728BF30C148BF4A
:104200000B60704766290BF0B684642900F0588172
:10421000752900F05581782900F08E81732900F00E
:10422000F286002070471FB500F0AAFF04000020AE
:1042300000210AF01BFE401C6060002000210AF0F3
:10424000FFFDE0601FBD10B510BD01F02BF9114658
:10425000FFF7E9FF0AF0FFF801F0D4FB03B4FFF722
:10426000F2FF03BC01F0D8FB09488047094800472A
:10427000FEE7FEE7FEE7FEE7FEE7FEE7FEE7FEE716
:10428000FEE7FEE704480549054A064B7047000073
:1042900049CE000851410008E0180020E01E00202F
:1042A000E01A0020E01A002053EA020C00F06980B6
:1042B0002DE9F04B4FF00006002B1FBFB3FA83F53A
:1042C00003FA05F424FA05F65E4012BF1643B2FA6B
:1042D00082F502FA05F4C5F120051EBF22FA05FC9D
:1042E00044EA0C04203556EA044C4FEA144418BF43
:1042F000641C4FF000084FF00009904271EB030C72
:1043000039D3002919BFB1FA81F701FA07F6B0FADB
:1043100080F700FA07F6C7F120071EBF20FA07FC56
:1043200046EA0C062037B6FBF4FCA7EB0507103F66
:1043300007F01F0BCBF120060CFA0BFB2CFA06F64C
:1043400044BFB3460026202FA4BF5E464FF0000BAB
:104350005BEA060C08BF4FF0010B19EB0B09ABFB36
:10436000027C48EB0608C01B06FB02CC0BFB03CC0F
:1043700071EB0C01C1E70B46024641464846BDE8D9
:10438000F08B13B54FF000004FF00001AFF3008049
:10439000BDE81C407047B2F120030AD5C2F12003EA
:1043A00020FA02F001FA03F321FA02F140EA0300D5
:1043B000704721FA03F04FF0000170470FB41CB5AD
:1043C000084B06AA7B4469460090059800F0E9FD79
:1043D00004460020694600F0F7FD20461CBC5DF84D
:1043E00014FB0000010C00000FB47CB50C0009AAFE
:1043F000009001D02044401E084B7B446946019048
:10440000089800F0CEFD05461CB10020694600F07A
:10441000DBFD28467CBC5DF814FB0000D50B0000DA
:1044200070B5044685690068C10601D5302600E0F4
:104430002026C00707D070BDD4E90121304690473F
:10444000206A401C20626D1EF6D570BD70B5044612
:1044500085690078C00707D170BDD4E9012120200B
:104460009047206A401C20626D1EF6D570BD70B565
:104470000C460546012A05D02878800600D5EA6951
:10448000002302E0012305E05B1C934202D2E05CC2
:104490000028F9D1A869E618C01AA861286A18444A
:1044A00028622846FFF7BCFF04E0D5E9012114F893
:1044B000010B9047B442F8D32846FFF7C7FF70BD01
:1044C0002DE9F0410646002410687529314616A5ED
:1044D00010D0AFF30080002802DA404213A507E0B5
:1044E00031688A0701D512A502E0490704D511A554
:1044F000012401E0AFF3008000210A2206F1240725
:1045000009E0B0FBF2FCB0FBF2F302FB1C00303020
:1045100078541846491C0028F3D123462A463046D1
:10452000BDE8F04100F0CFBA000000002D0000000F
:104530002B0000002000000070B504460D46214607
:104540001068AFF300802188090502D50F4A7A442C
:1045500002E00E4A7A440E32002104F1240305E001
:1045600000F00F060009965D5E54491C0028F7D143
:1045700020780023000704D5702D02D009B1022352
:1045800011322046BDE8704000F09DBA5AB70000D5
:104590002DE9F05F894604464FF0000ADFF874B158
:1045A000FB44C0F820A02046E1688847002874D06A
:1045B000252806D0D4E901219047206A401C2062BA
:1045C000F1E700265F462046E16888472028054637
:1045D00007DB312D05D2781910F8200C08B10643FD
:1045E000F1E7B00701D526F00406C4F81CA00027A7
:1045F000C4F818A02A2D09D0284609F0CAF838B303
:1046000004EB8708303DC8F8185019E059F8041B2E
:10461000204604EB87029161E1688847012F054637
:1046200018D1E069002820DA26F020061DE0D8F82D
:10463000180000EB800005EB40003038C8F8180087
:104640002046E1688847054609F0A3F80028EED126
:10465000012F0AD02E2D08D12046E16888477F1C03
:104660000546022F46F02006C4DBA069002803DAC5
:10467000404246F00106A061F00701D026F0100686
:104680006C2D0BD0682D09D04C2D39D06A2D35D02A
:10469000742D35D07A2D33D016E038E0E1682F46FE
:1046A00020468847B842054609D16C2F26D04FF4E2
:1046B0008060E168064320468847054604E06C2F89
:1046C0001AD04FF4807006430DB3A5F141001928AC
:1046D00002D8203546F400664A4629462046266020
:1046E0004E46FFF78FFD80B101280BD0F61D26F056
:1046F000070000F1080956E74020E4E78020D8E7EA
:104700000020D6E706F104094DE7284652E7206A63
:10471000BDE8F09F30B7000070B5064600F0C4F960
:104720000468054630460A22002100F0C3FC2C60D4
:1047300070BD0000014A00F0F5BC0000D801002067
:1047400030B505460B462A4613F8014B12F8010B0B
:1047500008B1A042F8D01CB1002802D06D1CF1E7CE
:10476000284630BD10B5431C02E010F8011B71B1A2
:104770008107FAD14FF0013202C88C1A8C4314EA37
:10478000C211F9D0C01A0A0603D0C01E10BDC01A4B
:1047900010BD0A0401D0801E10BD0902FCD0401ECD
:1047A00010BD40EA010370B59B072ED14FF00136D2
:1047B000042A2AD308C810C99D1B9D43121F15EA5D
:1047C000C61517D0D8B2E1B2401A50EA056110D12F
:1047D00098B2A1B2401A50EA05410AD123F07F40B5
:1047E00024F07F41401A50EA052102D1180EA0EBB7
:1047F000146070BDA342DBD018BA21BA884201D937
:10480000012070BD4FF0FF3070BD0AB9002070BDAF
:1048100010F8013B11F8014B63B1A3420AD1521EBB
:1048200008D010F8013B11F8014B1BB1A34201D194
:10483000521EEDD1181B70BD032A40F2308010F0DB
:10484000030C00F0158011F8013BBCF1020F62442B
:1048500098BF11F801CB00F8013B38BF11F8013BBC
:10486000A2F1040298BF00F801CB38BF00F8013B69
:1048700011F0030300F02580083AC0F0088051F8D9
:10488000043B083A51F804CBA0E80810F5E7121DE4
:104890005CBF51F8043B40F8043BAFF30080D20703
:1048A00024BF11F8013B11F801CB48BF11F8012BCF
:1048B00024BF00F8013B00F801CB48BF00F8012BF2
:1048C000704710B5203AC0F00B80B1E81850203A7C
:1048D000A0E81850B1E81850A0E81850BFF4F5AFA0
:1048E0005FEA027C24BFB1E81850A0E8185044BF2A
:1048F00018C918C0BDE810405FEA827C24BF51F897
:10490000043B40F8043B08BF7047D20728BF31F88A
:10491000023B48BF11F8012B28BF20F8023B48BFDB
:1049200000F8012B704702F0FF0343EA032242EA3A
:10493000024200F002B84FF000020429C0F01280D9
:1049400010F0030C00F01B80CCF1040CBCF1020F42
:1049500018BF00F8012BA8BF20F8022BA1EB0C0117
:1049600000F00DB85FEAC17C24BF00F8012B00F80D
:10497000012B48BF00F8012B70474FF0000200B533
:10498000134694469646203922BFA0E80C50A0E872
:104990000C50B1F12001BFF4F7AF090728BFA0E820
:1049A0000C5048BF0CC05DF804EB890028BF40F8EC
:1049B000042B08BF704748BF20F8022B11F0804F2E
:1049C00018BF00F8012B704710B5044610F0030F14
:1049D00008BF11F0030F40F015804FF0013E121F89
:1049E000C0F20E8051F8043BA3EB0E0C2CEA030C32
:1049F0001CEACE1C08BF40F8043BF0D0A1F1040132
:104A000002F10402521E08DB11F8013B002B00F8F2
:104A1000013BF7D11146FFF78EFF204610BD000085
:104A20004FF0013C50F8042B51F8043B9A4221D13D
:104A3000A2EB0C03934313EACC1317D150F8042BC9
:104A400051F8043B9A4215D1A2EB0C03934313EAAD
:104A5000CC130BD150F8042B51F8043B9A4209D1E6
:104A6000A2EB0C03934313EACC13DBD04FF000000E
:104A7000704700BFD01A01BAB1FA81F101F01801F4
:104A800022FA01F0CB40C1F12001DBB2C0B2C01A62
:104A90002CFA01F3D11A914311EAC311E6D1704700
:104AA0007047704770470000004870477C1800202E
:104AB00010B5FFF7F9FF006810BD10B50446FFF709
:104AC000F3FF046010BD2DE9F0470D46994692466C
:104AD000044600F124080168880604D5E06921F045
:104AE0001001216000E00120A84201DD471B00E029
:104AF0000027A1697A1902EB0900081AA061207841
:104B0000C00602D42046FFF78BFC002608E0D4E95B
:104B100001211AF806009047206A401C761C20628A
:104B20004E45F4DB2078C0060AD52046FFF778FC16
:104B300006E0D4E9012130209047206A401C206221
:104B4000381EA7F10107F4DC07E0D4E9012118F8C9
:104B500005009047206A401C2062281EA5F101052F
:104B6000F3DC2046FFF772FC2078000602D5022015
:104B7000BDE8F0870120FBE770472DE9FF4F0C46A9
:104B80001E464FF0FF378BB0D2E90001DDF86080A0
:104B90000A908A46C1F30A5505B93D4600210846E8
:104BA0004FF00000BAF1000F00F4400005DA00EB0E
:104BB00080004FF4400101EA50004FEA9059B9F1EA
:104BC000010F00DDB9460A9850EA4A000ED044F6BB
:104BD0001050A5F2FF3545432F14B8F1000F1ED039
:104BE0007542291E1EDDC9F100021CE0B8F1010F5B
:104BF0004FF0000001D0302103E0F24305E02154E2
:104C0000401CB042FBDB30460022002121540B99AE
:104C1000C1F80880C1E900200FB0BDE8F08FBD1BCE
:104C20006D1CDEE74A4600DA694206A800F0AAFBDE
:104C300006AB93E8070003AB83E8070050460A99E8
:104C400001F02EF98DE80700A0F500501F38009004
:104C50000398002D0ADD42F21F014A460844002352
:104C600003A90390684601F0D9FB09E0A0F50050C4
:104C70004A461F38002303A90390684601F0F8FB59
:104C80008DE807000004000C03D04FF0FF3041080E
:104C900000E01046B8F1000F03D000220092154644
:104CA0001EE0751E05D400F06FFA303262556D1E9D
:104CB000F9D5B3460122084302D000227F1C04E04C
:104CC0002078302801D100227F1E002A099784D045
:104CD0001DE0112D07DA00F057FA303262556D1CD5
:104CE00050EA0102F5D1084302D00098C8B10EE0A5
:104CF0000021681E05E0235C625C63542254401E60
:104D0000491C8142F7DBAB46A81B401E09900020DE
:104D100004F80B000B98099AC0F80880C0E9002B32
:104D20007AE711264FF0000857E72DE9F04F884643
:104D30000446D21D22F0070191B0D1E90001CDE96E
:104D40000A0108F075FC02460B98C00F01D02D2017
:104D500007E02068810701D52B2002E0202101EA2D
:104D6000C000032A099001D0072A05DB034641460B
:104D7000204600F057FA0BE12078800601D5E06963
:104D800000E00620B8F1650F814606D0B8F1660F45
:104D900018D0B8F1670F70D131E00020B9F1110FD0
:104DA000009001DB112301E009F101030AAA01A926
:104DB0000CA8FFF7E2FEDDE90C70002609F1010501
:104DC000834647E001204B4600904FF000470AAA77
:104DD00001A90CA8FFF7D1FEDDE90DB00C995D46E5
:104DE000002610B909F101000D18B9EB050003D434
:104DF000C0F1FF3609F10105A5EB09002BE0B9F17F
:104E0000010F01DA4FF001090020B9F1110F0090F4
:104E1000484601DD112300E003460AAA01A90CA8B7
:104E2000FFF7ABFEDDE90C704D4600268346207887
:104E300000070AD4AB4500DA5D4601A8012D04DD68
:104E4000411911F8011C302907D04F4502DA17F13A
:104E5000040F04DA012082460FE06D1EEEE7002FFA
:104E600002DCED1B3E4403E0781CA84200DD7D1C03
:104E7000B81B00F1010A4FF000472078000703D467
:104E8000AA4501DB4FF0FF3A0021B7F1004F0DF1C9
:104E900043088DF8431024D002202B23002F01DA81
:104EA0007F422D230A21021EA0F1010000DC5FB128
:104EB00097FBF1FC97FBF1F201FB1C7C17460CF110
:104EC000300C08F801CDEEE7A8F10100037021884D
:104ED000090501D5452100E06521A0F1010800F890
:104EE000011C09980FA9A1EB0807FF1D00B10120C3
:104EF000411901EBEA70A1693844081A401EA0610B
:104F00002078C00602D42046FFF78AFA099828B113
:104F1000D4E901219047206A401C20622078C00615
:104F200022D52046FFF77CFA1EE0002E04DBB345B5
:104F300002DD01A8805D00E03020D4E90121904726
:104F4000206A401C2062761CAAF101005FEA000A78
:104F50000AD100F015F9C0680168405CD4E901216C
:104F60009047206A401C2062281EA5F10105DCDC68
:104F700007E0D4E9012118F8010B9047206A401C92
:104F80002062381EA7F10107F3DC2046FFF75EFA26
:104F9000032011B041E6000001694A1C0261087853
:104FA000704700B58FB0CDE9013100210591054969
:104FB0007944CDE9031011466846FFF7E9FA0FB0CE
:104FC00000BD0000E5FFFFFF0A6802F8010B0A6060
:104FD0007047D1E900239A4202D2531C0B60107033
:104FE000704710B5436913B1AFF3008001E0FFF7DC
:104FF0003EFA012010BD127800F124010A7000224F
:105000004A700122EDE711684FF0FF32E9E7000036
:105010000FB4002300B589B00CA900910B99CB60A7
:10502000214B7B440693214B7B44079304236FF071
:105030000042CDE901321E4A7A446B46089202468C
:1050400000200AF0FAFD09B05DF814FB70B50646C1
:105050004FF0FF3015460C46324686B00091CDE940
:10506000010169460020049004A8FFF7D1FF024621
:105070000498211825B108B1084600E020462860B0
:10508000049800280DD0002A02DD0098884208D03C
:105090003246081B69460094CDE9010404A8FFF7D5
:1050A000B7FF06B070BD00007F020000970200004D
:1050B000D70100002DE9F04791460F46804604468F
:1050C000002614F8015B2DB100F052F80068405D35
:1050D000C007F6D12B2D02D02D2D18D0641E4A46C4
:1050E0003946204600F0FEF827B13968A14201D1C7
:1050F000C7F800804FF0020471050BD5404200282C
:1051000003DDFFF7D1FC0460A007BDE8F08746F49B
:105110008066E4E70028F8DAFFF7C6FC04606FF069
:105120000040F2E72DE9F04115460E46040002D199
:105130002C6804B90BA4204600F0A6F9044420789A
:1051400070B127463146384600F08EF90444207885
:1051500010B1002004F8010B38462C60BDE8F08146
:105160000027F9E700000000004870477C18002085
:1051700010B500F005F8001D10BD00BFF19C000047
:10518000004870479C18002030B5B0F10A024FEA81
:10519000900E71F100034EEA817EB0EB0E0061EBE0
:1051A00091014FEA101E4EEA017E10EB0E0041EB1A
:1051B00011114FEA102E4EEA016E10EB0E0041EB7A
:1051C00011214FEA104E4EEA014E10EB0E0041EB5A
:1051D0001141401841F100014FEAD00040EA41700E
:1051E0004FEAD10110EB80054FEA810444EA907444
:1051F00044EB01046D1944EB0404521BA3414FF02E
:10520000000348BF0A3200D530BD401C41F1000107
:1052100030BD10B50446FFF7ABFF0068005D00F03D
:10522000010010BD2DE9F0411F4604460326016828
:10523000072A01F4006004DB08B116A505E016A5F5
:1052400003E008B115A500E015A521F010002060CD
:10525000A069C01EA0610FB1401EA0612046FFF7EB
:10526000DFF84FB1D4E9012138469047206A401C4D
:105270002062C01C206206E0206AFAE7D4E901211E
:1052800015F8010B9047761EF8D22046FFF7DEF89E
:10529000BDE8F0814E414E006E616E00494E460001
:1052A000696E6600426842B1016811F8013B23B1A2
:1052B000521EC0E90012184670470121C160881EC5
:1052C000704742685AB1C368016843B983688B422A
:1052D00005D0491E521CC0E90012002070474FF053
:1052E000FF3070472DE9F05F824615468B46002758
:1052F0000AF10104B9460078302801D09DB113E0CD
:1053000014F8010B0127782803D0582801D045B1A3
:105310000AE00DB1102D07D1002714F8010B10255C
:1053200002E0082500E00A250026B0460EE005FB55
:10533000080005FB06F101271FFA80F801EB104673
:10534000B6F5803F00D3B94614F8010B294600F0AA
:10535000CEF80028EBDABBF1000F05D00FB1641EC8
:1053600000E05446CBF80040B9F1000F06D0FFF73B
:105370009BFB02210160C81EBDE8F09F48EA064081
:10538000FAE700002DE9F047814616468AB0354815
:1053900078440DC88DE80D0032487844801C03AC79
:1053A0000DC884E80D0041F69B300844372190FB7E
:1053B000F1F290FBF1F5A5F1800501FB12041B3C15
:1053C00002D56442012000E00020DFF898A080466A
:1053D0000027FA44AAF1BE0A0EE0E0070AD03246DE
:1053E000684607EB470101230AEB810101F040F811
:1053F0008DE8070064107F1C002CEED1194F7F440C
:10540000AE3F19E0E80715D007EB04100DF1180ABC
:1054100090E80E008AE80E00C068F04201D19819A9
:1054200008903246012306A903A801F021F803AB36
:1054300083E807006D10641C002DE3D14FF00103D9
:1054400032466946B8F1000F03A802D000F0E6FF2B
:1054500001E001F00DF8C9E90001C9F808200AB01F
:10546000BDE8F087D0A9000030B503461D781DB116
:105470000A4603E0AC4201D1181A30BD12F8014BC4
:10548000002CF7D15B1CF1E730B503461D783DB128
:105490000A4612F8014B1CB1AC42FAD15B1CF5E78D
:1054A000181A30BD7546FFF75FFEAE460500694627
:1054B000534620F00700854618B020B5FEF7E2FEFF
:1054C000BDE820404FF000064FF000074FF0000805
:1054D0004FF0000B21F00701AC46ACE8C009ACE886
:1054E000C009ACE8C009ACE8C0098D4670473A284D
:1054F00000D2303820F02002412A01D3A2F1370037
:10550000884201D34FF0FF30704700002DE9FF4F74
:1055100006468BB00878FF2806D0491C2D2805D0F8
:1055200000244FF0000908E000200CE00124F8E717
:1055300009EB8903491C00EB43090878FF28F7D1E0
:1055400014B1C9F100008146107800252C46AA4606
:1055500029462D2801D02B2804D1521C2D2813D0E8
:10556000002082468B461078FF280FD04FF0000CA9
:105570000A21521CA5FB017804FB018105FB0C11DB
:10558000C5194BEB0104EEE70120EAE700210846CC
:105590004FF00000BAF1000F02D000EB800040088D
:1055A000C0F38157012F01DD4FF0FF370E9955EA07
:1055B000040009EB01080BD04FF0020918F5FA7F3F
:1055C00016DA4FEACA70002F706008DD012007E08C
:1055D0004FEACA70C6E900B00FB0BDE8F08F0020F6
:1055E0003060FFF761FAC0F800901821084616E015
:1055F000B8F5FA7F18DD002F02DAF748784401E0A9
:10560000F6487844D0E90010C6E9001040EACA70B4
:105610007060FFF749FAC0F80090142108460FB0F7
:10562000BDE8F04F0AF043BA002108464FF00000F1
:10563000B8F10001099002DAC7F1000200E03A4631
:1056400001DAC8F1000106A8FFF79CFE06AB93E85B
:10565000070003AB83E8070044F23E005BEA040165
:105660000090584604D144F21E012C465D4600913C
:10567000210C0904014306D10099240444EA15448D
:105680002D041039009104F07F41014306D10099A7
:10569000240244EA15642D020839009104F0704197
:1056A000014306D10099240144EA15742D01091F14
:1056B000009104F04041014306D10099A40044EA5E
:1056C0009574AD00891E009104F00041084304D197
:1056D00000986D196441401E00904FF001033A4656
:1056E0006846B8F1000FCDE9014503A902DD00F0DD
:1056F000D4FE01E000F0A7FEBAF1000F04460D460B
:1057000001D084F00044002108464FF000000999C0
:1057100040F2FF77484010F00C0F07D124F0004012
:10572000284303D0C4F30A50B84212D1FFF7BCF9A2
:10573000C0F80090C4F30A50B8420AD1A84878448F
:10574000D0E90010C6E9001004F000410843706081
:1057500042E7C6E900543FE72DE9FF4F1F464FF0EF
:10576000000A4FF0FF38454691B0D7E90146CDF821
:105770003CA0FFF705FDC0680168405C1090B96966
:1057800012986D1C8847396A814688470028F6D1EF
:10579000B9F1FF3F0AD0002E24F4D06411DDB9F135
:1057A0002B0F08D0B9F12D0F0BD102E0404615B0F8
:1057B00013E744F48064B96912986D1C8847761E1B
:1057C0008146600504A901D52D2000E02B20002E84
:1057D00001F1010B0DF130088DF810003FDDB9F13A
:1057E000690F08D0B9F1490F05D0B9F16E0F02D099
:1057F000B9F14E0F1CD13B4601A8009580E850023C
:10580000DDE912126FF002000AF01BFAC11CCED1C2
:105810000EE0B96912986D1C884781461398761E70
:1058200044F4007405600F98401C002E0F9016DDA4
:10583000B9F1300FEDD0B9F1780F02D0B9F1580FAE
:105840000DD10F9801280AD13B46CDE90054DDE97E
:105850001212001F02960AF0F2F9C11CA7D110998A
:1058600089453ED144F0800406E01399681CAAF1F2
:10587000010A44F400740860B9696D1C1298761E20
:10588000884730288146F0D02BE01099894505D112
:10589000200603D4761E44F0800418E0484607F042
:1058A00078FF08B3761E0DF123018B4544F4007494
:1058B00008D2A9F130000BF8010B200607D5AAF198
:1058C000010003E0200602D40AF101008246A0058F
:1058D00002D51399681C0860B96912986D1C884735
:1058E0008146002ED1DC53E0002E51DDB9F1650F69
:1058F00002D0B9F1450F4BD1A00549D5B9696D1C4E
:105900001298761E24F440748847002E81460CDDE0
:105910002B2804D0B9F12D0F07D144F48074B96954
:1059200012986D1C8847761E8146E00501D52D2111
:1059300000E02B2108F8011BCDF8008021E0761E45
:105940000DF13901884544F400740CD2A9F13000FE
:1059500010F0FF0088F8000002D10099884509D9AD
:1059600008F1010806E0E00501D51E4801E042F219
:105970000F708246B96912986D1C8847814613984A
:105980000560002E04DD484607F003FF0028D6D14D
:10599000F96912988847FF2053468BF8000088F871
:1059A000000000200A900B9004AA0CA90AA8FFF797
:1059B000ADFDA00502D46FF00100F8E614F0240F4D
:1059C00012D0E0071CD13868DDE90A12031D3B60E4
:1059D0000068C0E9001213E0A4A7000096A7000029
:1059E0005AA60000F1D8FFFF0AA9684607F060FE3A
:1059F000E00705D13868009A011D3960006802602F
:105A00002846D4E610B50446AFF300802046BDE832
:105A10001040FEF723BC000001491820ABBEFEE792
:105A2000260002002DE9FF4F1F464FF03C0987B0CA
:105A30004FF00042DDE9141001F10108DDF858A033
:105A400002EA405003900020059083460546044634
:105A50000490B969461E08988847AAF1010A029085
:105A6000BAF1000F3BDD02982E2815D01021FFF768
:105A70003EFD00282EDB4FF0010B0599014317D0A6
:105A8000B9F1000F0BDB4A46C11700F0F6F90543E8
:105A90000C43A9F1040905E0012004900BE008B1D2
:105AA00045F0010501200590049820B9361D02E05B
:105AB000049800B1361FB969089808F101088847B1
:105AC000BBF1000FAAF1010A0290C9D00999C1F8EF
:105AD0000080C5E70298702808D0502806D0F969E0
:105AE00008988847BBF1000F14D04FE000200290C7
:105AF0000120BBF1000F049009D0B969089808F1A2
:105B000001088847AAF10109B9F1000F07DCF9691A
:105B1000089888476FF001000BB0BDE8F08F2B2884
:105B200004D02D280CD14FF0FF300490B9690898AB
:105B300008F101088847A9F10109B9F1000FE6DD74
:105B4000411CE4D00A21FFF7D2FC0028DFDB0299D8
:105B500008F1010801EB810100EB41000290B969F5
:105B6000089888470A21FFF7C2FC099AA9F10109A0
:105B7000B9F1000FC2F8008001DD0028E7DAF96909
:105B8000089888470499029800FB016655EA0400CA
:105B900004D004F04041090002D006E0039898E0E8
:105BA000A40044EA9574AD00B61E04F0004108005C
:105BB00002D16D196441761E159810F0240F03D0A0
:105BC0004FF00B095C4803E04FF028096FF07D00AF
:105BD0008246564507DAAAEB06018944B9F1410F1E
:105BE00001DD4FF0410901200021A9F1010200F07F
:105BF00044F9024628400B462140084301D00121C8
:105C000000E00021501E029143F1FF312840214065
:105C1000084301D0012000E000200299834651EAA8
:105C20000B014FD0002108464FF00000039900F40B
:105C3000400039B100EB80004FF4400100EBD07020
:105C400001EA60008015012802DD4FF0FF3000E01E
:105C500013D0401C36D0029860B3BBF1000F0CD1BA
:105C60004A460120002100F008F92840214008435D
:105C700001D0012000E00020E0B101204A460021CF
:105C800000F0FBF8034640190A4661412D1A8C4189
:105C900011D3B9F1400F09DD159810F0240F02D08F
:105CA000AAF1340603E0AAF1170600E0761C0025ED
:105CB0004FF0004406E05B1E42F1FF3220EA03058C
:105CC00021EA0204CAF10100B04206DA1B49039836
:105CD00008430190002000900EE0039AC4F3D32102
:105CE000E80A0A43164940EA44500A433146CDE9DE
:105CF0000002684607F042FD159810F0240F0BD003
:105D00001598C00715D13868DDE90012031D3B6006
:105D10000068C0E900120CE002A8694607F0C8FC60
:105D20001598C00705D13868029A011D39600068CE
:105D300002604046F0E6000002FCFFFF0000F07F3A
:105D40000000F03F2DE9FF4F92461D4685B04FF011
:105D50000041DDE9124BDDE914727F1E01EA4B5070
:105D6000414940F0FF4940EA0108002122F02000AB
:105D70004928049102D04E2828D04CE03BA00126AF
:105D800007C88DE80700A9690698641C88477F1E2C
:105D9000014606D41DF8060018B121F02001814209
:105DA0000BD0E96906988847032E34D0082E32D0EC
:105DB0006FF0010009B0BDE8F08F761C032E01D012
:105DC000082EE0D1601CCAF80000DCE7A96906983B
:105DD000641C88477F1E2AD420F02000412826D149
:105DE000A9690698641C88477F1E20D420F02000F3
:105DF0004E281CD1A9690698641C88477F1E48F468
:105E0000002849F48009CAF8004001D4282806D0A7
:105E1000E969069888475FEACB7012D022E0A96949
:105E20000698641C88477F1E01D4002803DAE969BC
:105E300006988847BCE72928F1D1641CCAF80040BD
:105E4000E9E71BF0240F07D028680499031D2B6095
:105E50000068C0E9001805E02868021D2A60006893
:105E6000C0F800902046A5E70000F07F494E464963
:105E70004E495459000000007047B2F120030AD582
:105E8000C2F1200301FA02F120FA03F300FA02F052
:105E900041EA0301704700FA03F14FF00000704738
:105EA0005FEA400C08BF91F0000F4FEA8C234FEAE5
:105EB000C12243EA51514FEA1C5018BF00F5F0408F
:105EC0004FEA300018BF41F000415FEA6C5C00F01F
:105ED0002980BCF1FF3F08BF40F080407047130CA1
:105EE00006BF12044FF0100C4FF0000C130E04BF4D
:105EF00012020CF1080C130F04BF12010CF1040C78
:105F0000930F04BF92000CF1020CD30F04BF520098
:105F10000CF1010C11464FF00002A0F11F00A0EBA4
:105F20000C00704711F0004F08BF704731F000417E
:105F30003FF4D5AF0B0C06BF09044FF0100C4FF027
:105F4000000C0B0E04BF09020CF1080C0B0F04BF70
:105F500009010CF1040C8B0F04BF89000CF1020C39
:105F6000CB0F04BF49000CF1010CCCF12003A0EBD6
:105F70000C0022FA03F302FA0CF241EA030100F1E9
:105F80000100704720F07F4C80EA030023F07F4738
:105F9000ACEB070303F57C5300F0004003F1FF0373
:105FA0002DE980494FEA154B09B44FEA144325EA1D
:105FB0000B4E24EA03480FF2042606EB1327490888
:105FC0003E785FEA320203FB0667C7F5000707FB6E
:105FD00006F64FEA54374FEAD64606F1020607FBAB
:105FE000066CCCF1005C4FEA1C472CEA074C07FB1F
:105FF00006F40CFB06F504EB15464FEA961634BF83
:1060000000204FF000404FEAD13706FB07FC4FEA73
:106010001C4C0CFB0BF7D21B03FB0CF761EB0701CD
:106020000CFB0EF7B0EB074072EB17420CFB08F7C6
:1060300034BFA2EB0742B2EB074261EB17414FEAD4
:106040000C444FEA910706FB07FC4FEA1C4C0CFB83
:106050000BF7B0EBC74072EB573203FB0CF734BFC2
:10606000A2EBC742B2EBC74261EB57310CFB0EF714
:10607000B0EBC70072EB57720CFB08F734BFA2EB12
:10608000C702B2EBC70261EB5771039F4FEA816110
:1060900041EA921104EBCC044FEAD1374FEA826215
:1060A00006FB07FC42EA90124FEA80604FEA1C4C64
:1060B0000CFB0BF7D21B03FB0CF761EB07010CFB8E
:1060C0000EF7B0EB074072EB17420CFB08F734BF3A
:1060D000A2EB0742B2EB074261EB17414FEA8C5546
:1060E0004FEA910704EB9C2406FB07FC4FEA1C4C8B
:1060F0000CFB0BF7B0EBC74072EB573203FB0CF70E
:1061000034BFA2EBC742B2EBC74261EB57310CFB85
:106110000EF7B0EBC70072EB57720CFB08F734BFF9
:10612000A2EBC702B2EBC70261EB577115EB4C252E
:106130004FEA816141EA92114FEA82624FEAD13718
:1061400042EA901206FB07FC44F100044FEA80602B
:106150004FEA1C4C0CFB0BF7D21B03FB0CF761EB5B
:1061600007010CFB0EF7B0EB074072EB17420CFB7C
:1061700008F734BFA2EB0742B2EB074261EB1741CD
:1061800015EB1C154FEA813141EA92414FEA823208
:1061900042EA90424FEA80304FEA0C7644F1000424
:1061A00048EA03434EEA0B484FF0000EB2EB080CEE
:1061B00071EB030724BF624639464EEB0E0E4FF0DB
:1061C000000B0018524149414BEB0B0BB2EB080C92
:1061D00071EB03077BF1000B24BF624639464EEB9F
:1061E0000E0E4FF0000B0018524149414BEB0B0BC8
:1061F000B2EB080C71EB03077BF1000B24BF624686
:1062000039464EEB0E0E51EA020718BF46F0010662
:1062100016EB0E7655F1000254F1000103D5BDE8EE
:106220008901BDE80088BDE88901BDE80048B619CC
:10623000524141EB0101A3F10103704780807F7E51
:106240007D7C7B7A797877767675747372717170EC
:106250006F6E6E6D6C6C6B6A6A696868676666659E
:106260006464636362616160605F5F5E5E5D5D5C2C
:106270005C5B5B5A5A59595858575756565555559D
:106280005454535352525251515050504F4F4F4EFD
:106290004E4D4D4D4C4C4C4B4B4B4A4A4A4949494B
:1062A000484848474747474646464545454444448D
:1062B00044434343434242424241414146EA064647
:1062C000A3F570534FEA164646EA42564FEAD222E9
:1062D00042EA415210B54FEAD121A3F1010300F087
:1062E0002FF820F0004000F1020C00F0004701EB15
:1062F00000501146BCF5006F40EA070000D210BD07
:10630000BAF1000F0AD01CB503B44FF004004FF0EF
:1063100004014FF000000FBCBDE810404FF0000139
:10632000BBF1010FB9BF04484FF0FF310348002112
:1063300040EA070010BD00BFFFFFEF7F0000F07FC5
:10634000002B9C4630D477002BD01CB54FEA370782
:1063500003B44FF010004FF01001BAF1000F06D057
:10636000BCF1000FDCBF40F0080040F008014FF026
:1063700000000FBCBDE810400BF1010BBBF1010F99
:1063800008BF5FEA170722BF12F1010211F10101F4
:106390004FF0004143F1000300F0004043EA0000E9
:1063A0007047F9D35708D0E746EA064613F1400F85
:1063B0004FEA16461FDD13F1200FDFBF16430A46D2
:1063C000002120335B42BED0C3F1200746EA0646D7
:1063D00002FA07F74FEA164646EA0706C3F1200716
:1063E00022FA03F201FA07F721FA03F14FF0000352
:1063F00042EA0702A7E746EA020646EA06464FEAED
:10640000164646EA0106BCBF46EA0646360C4FF081
:1064100000034FF000024FF0000194E72DE9804C9B
:106420009A46934670B491E8380007C831EA400CA8
:1064300048BF34EA430C03D5FFF7A4FDFFF780FF04
:10644000F0BCBDE8008C2DE9804C9A46934670B4B0
:1064500091E8380007C831EA400C48BF34EA430CE1
:1064600003D5FFF78FFDFFF729FFF0BCBDE8008CD7
:106470002DE9804C9A46934670B491E8380007C8DD
:1064800010F0804F08BF13F0804F03D100F01AF8CE
:10649000FFF756FFF0BCBDE8008C2DE9804C9A4612
:1064A000934670B491E8380007C810F0804F08BFD9
:1064B00013F0804F03D100F005F8FFF7FFFEF0BCAA
:1064C000BDE8008C20F07F4780EA030023F07F4C7A
:1064D00007EB0C03A3F57C5300F00040A3F1FE038F
:1064E00092F0000F00F0B38095F0000F00F077807D
:1064F0002DE901494FEA11404FEA144621EA0048CC
:1065000000FB06FC24EA064708FB06F607FB08F832
:1065100000FB07F718EB06484CEB164C4FEA124B02
:1065200018EB07484FEA15464CEB174022EA0B4E92
:106530000BFB06FC25EA06470EFB06F607FB0EFEE4
:106540000BFB07F71EEB064E4CEB164C4FF000060C
:106550001EEB074E4CEB174B18EB0B0840F10000FD
:1065600018EB0E0B58EB000840F100008F1A4FF0AB
:1065700000013CBFC943661B14BFB5EB040C0021EE
:106580003CBFC943F61B4FEA17444EEA8E0E27EA7A
:1065900004454FEA1C4704FB07622CEA074C05FB45
:1065A00007F70CFB05F604FB0CFC16EB074642EB69
:1065B000174216EB0C4642EB1C421BEB060658EB4F
:1065C0000202414146EA9E0601D5BDE80189B6199D
:1065D000524141EB0101A3F10103BDE801894FEAFA
:1065E00014454FEA114724EA054621EA074C05FB0A
:1065F00007F406FB07F70CFB06F105FB0CFC11EB9F
:10660000074144EB17444FEA124711EB0C4144EBAE
:106610001C4422EA074C05FB07F206FB07F70CFBBC
:1066200006F605FB0CFC16EB074642EB174216EB91
:106630000C4642EB1C456A1854F1000148BF7047F4
:10664000B619524141EB0101A3F10103704795F0E6
:10665000000F37D04FEA11424FEA144721EA0246B1
:1066600024EA074C02FB07F106FB07F70CFB06F4D4
:1066700002FB0CFC14EB074441EB17414FEA1547B2
:1066800014EB0C4441EB1C4125EA074C02FB07F5D7
:1066900006FB07F70CFB06F602FB0CFC16EB0746A5
:1066A00045EB174516EB0C4645EB1C42121951F110
:1066B000000148BF7047B619524141EB0101A3F1F7
:1066C000010370474FEA14454FEA114724EA054693
:1066D00021EA074C05FB07F106FB07F70CFB06F266
:1066E0004FF0000605FB0CFC12EB074241EB174193
:1066F00012EB0C4251EB1C4148BF7047921841EB22
:106700000101A3F10103704710B5024801F012FD29
:1067100010BD0000DC01002070B504460025206893
:10672000806800F0010018B32068806820F0010044
:106730002168886003F042FD054613E003F03EFD4A
:10674000401B02280ED92068806800F0010048B183
:10675000A06A40F01000A062E06A40F00100E06230
:10676000012070BD2068806800F001000028E5D19C
:106770000020F6E738B50446002500200090206888
:10678000806800F0010078BB2068806840F001005C
:1067900021688860194800681949B0FBF1F0009041
:1067A00002E00098401E009000980028F9D103F004
:1067B00005FD054619E003F001FD401B022814D930
:1067C0002068806800F0010078B9A06A40F01000ED
:1067D000A062E06A40F00100E06200BF002084F89F
:1067E000240000BF012038BD05E02068806800F06B
:1067F00001000028DFD00020F5E700001000002095
:1068000040420F001CB5694804F0BEFC07F080F957
:1068100005F07CFA01F0D4FA002040F6B8311E23CE
:106820004022CDE900106249624800F0F9F80020EA
:1068300040F6B8311E238022CDE900105C495E4845
:1068400000F0EEF85D4800F0A5FA5D4800F0A2FA0D
:106850005C4800F09FFA5C49012008F04BF95B4965
:1068600008600846006808B900F02AFCC8215748AB
:10687000006808F095F95548006808F094F9544903
:10688000012008F037F9534908600846006808B944
:1068900000F016FC4FF47A714E48006808F080F959
:1068A0004D49002008F026F94C4908600846006868
:1068B00008B900F005FC4A49012008F01BF94949D4
:1068C00008600846006808B900F0FAFB96214548C0
:1068D000006808F065F94348006808F064F9424927
:1068E000012008F007F9414908600846006808B926
:1068F00000F0E6FB0A213D48006808F051F93B48EA
:10690000006808F050F900220221294803F050FCE9
:1069100007F035FD08F0BAF801220221244803F0FF
:1069200047FC4FF4FA7003F083F907F0E5F8002212
:1069300002211F4803F03CFC4FF4FA7003F078F991
:1069400008F0A4F801220221194803F031FC4FF4A9
:10695000FA7003F06DF907F0CFF805F025FD08F0A7
:1069600081F900202249087022490870012022493B
:10697000087041F288311948006808F011F9174889
:10698000006808F010F906F0E3F81C481C49C860DC
:106990001C4888602520488040F2DA200880592071
:1069A00088802E20488208F061F81CBD5C0200201F
:1069B000000C01405C0A0020840A00206C010020C9
:1069C00090010020B4010020797800085C000020CC
:1069D0002575000860000020917C000864000020FC
:1069E0002D7A000868000020017100086C0000206A
:1069F000790000207A0000207B000020000048423F
:106A0000C81700200000C84110B500F023FC06F0B4
:106A100005FF05F011FA05F045FC10BD00BFFEE7CB
:106A20002DE9F04704460D4616461F46DDE9088964
:106A30002560A680A760C4F80C803146284603F084
:106A4000AFFB2077207F6077002020616061A0612C
:106A5000E0772062A077C4F82490BDE8F0872DE9A4
:106A6000F041044601F012FA05460027A18820688B
:106A700003F096FB0646607FB04201D0A5616677C1
:106A8000A069281AA168884243D3207FB04213D05E
:106A90002677207F18B925610020A0770CE065617A
:106AA000A07F18B9E07F401CE0772562606A10B1D2
:106AB0000420616A88470427207F70B9A07F60B9ED
:106AC0002069281AE168884207D30120A077606A0C
:106AD00010B10320616A88470327E07F002818DD92
:106AE000206A281AFA2814D9E07F012806D1606AA2
:106AF00010B10120616A8847012708E0E07F022881
:106B000005D1606A10B10220616A8847022700201F
:106B1000E0773846BDE8F08110B5024801F05EFF2D
:106B200010BD00000C02002010B5024801F056FF15
:106B300010BD000034020020F0B50D46059CC0F3E6
:106B40000741C0F30727C0F3006600F0FF0CC3F84D
:106B500000C0C0F3826C85F800C0F02907DA277006
:106B60004FEA064C4CEA012CC2F800C00BE04FF093
:106B7000FF0C84F800C04FEA064C4CEA012C4CEAAA
:106B8000070CC2F800C0F0BD10B5024802F0F0FDDD
:106B900010BD00000C04002030B590F840500124D6
:106BA000AC40C56B6C60046863604468102C04D111
:106BB0000468A2600468E16003E00468A1600468FE
:106BC000E26030BD704700002DE9F04105460E46F9
:106BD00017469846032D07D205EBC500224901EB65
:106BE0008000807A012801D0BDE8F08105EBC50066
:106BF0001D4901EB800000F1180405EBC50001EB15
:106C00008000C07A02280CD12089B04209D1608965
:106C1000B84206D1B8F1FF0F02D0A079002800DDFC
:106C2000E2E702202070002020710120607126819F
:106C3000678184F80680668005EBC5020A4B03EB8A
:106C40008202118905EBC50203EB82025068002223
:106C500003F0AEFA022005EBC501034A02EB810105
:106C6000C87200BFC0E700001018002010B5002453
:106C700089E004EBC400464901EB8000807A0028DB
:106C800056D104EBC40001EB8000007B4006000EEF
:106C900004EBC4013E4A02EB8101087304EBC4001B
:106CA000114601EB8000407BE8B904EBC4020B46BF
:106CB00003EB8202118904EBC40203EB82025068E9
:106CC00003F06EFA00285CD104EBC400304901EBFC
:106CD0008000007B40F0010004EBC4012C4A02EB71
:106CE000810108734DE004EBC400294901EB8000E9
:106CF000407B012845D104EBC4020B4603EB820222
:106D0000118904EBC40203EB8202506803F048FAD5
:106D1000B8B304EBC4001E4901EB8000007B40F0D7
:106D2000010004EBC4011A4A02EB8101087328E058
:106D300004EBC400164901EB8000807A012820D1C1
:106D400004EBC40001EB8000408B002819DD04EB4C
:106D5000C40001EB8000408B401E81B204EBC400F4
:106D60000B4A02EB8000418304EBC400114601EBA7
:106D70008000408B28B9012104EBC40002EB8000A5
:106D80000177601CC4B2032CFFF473AF10BD000088
:106D90001018002010B50446217801EBC101294AE2
:106DA00002EB8101606848602089217801EBC10114
:106DB00002EB810108810020217801EBC10102EB87
:106DC0008101C872A07A217801EBC10102EB810137
:106DD0008872207800EBC000114601EB8000807AB9
:106DE00050B9207800EBC00001EB8000D4E9042307
:106DF000E1680C300EC023E0207800EBC0001149A0
:106E000001EB8000807A01281AD1207800EBC000C5
:106E100001EB8000A1698161E169C161216A0162C0
:106E2000227802EBC202074B03EB8202118922781F
:106E300002EBC20203EB82025068012203F0B8F9B0
:106E400010BD00001018002010B5002431E104EB43
:106E5000C4009A4901EB8000807A002858D104EBE5
:106E6000C40001EB8000007B00F01F001F2819D137
:106E700004EBC40001EB8000C07A98B9012004EB58
:106E8000C4018E4A02EB8101C87204EBC4001146B2
:106E900001EB8000006928B104EBC40102EB810121
:106EA0000869804704EBC400844901EB8000007B43
:106EB00000F01F0000282AD104EBC40001EB800081
:106EC000C07A0128F7D1002004EBC4017B4A02EB11
:106ED0008101087304EBC400114601EB8000C07B04
:106EE000012805D0002004EBC40102EB8101C87227
:106EF00004EBC400714901EB80004069002806D012
:106F000004EBC4016D4A02EB810148698047CEE081
:106F100004EBC400694901EB8000807A0128F6D1B6
:106F200004EBC40001EB8000007F0128EFD10021B9
:106F300004EBC400614A02EB8000017704EBC4005B
:106F4000114601EB8000007E01281AD1002004EBDD
:106F5000C40102EB81010876002104EBC40002EBBE
:106F60008000418304EBC402544B03EB820211897D
:106F700004EBC40203EB82025068012203F018F90B
:106F800095E004EBC4004D4901EB8000007E02282F
:106F90005CD1002004EBC401484A02EB8101087671
:106FA000002104EBC40002EB8000418304EBC40029
:106FB000114601EB8000807F002871DD04EBC400E6
:106FC00001EB8000407F012841D104EBC40001EBBC
:106FD0008000807FFF2812D004EBC40001EB80000A
:106FE000807F00280BDD04EBC40001EB8000807F74
:106FF000401EC1B204EBC40002EB80008177002187
:1070000004EBC4002D4A02EB8000417704EBC4027C
:107010002A4B03EB8202118904EBC40203EB8202C8
:107020005068012203F0C4F804EBC400234901EBCB
:107030008000418C04EBC400204A02EB80004183B5
:10704000022004EBC40102EB810108762FE004EB7F
:10705000C4001A4901EB8000018C04EBC400174AFC
:1070600002EB80004183022004EBC40102EB8101AA
:10707000087604EBC402114B03EB8202118904EB86
:10708000C40203EB82025068002203F091F8012150
:1070900004EBC400094A02EB8000417707E0FFE7F8
:1070A000002004EBC401054A02EB8101C872601C98
:1070B000C4B2032CFFF4CBAE10BD000010180020AA
:1070C00072B600BFFEE7000010B50020044908704A
:1070D0000223C82264211846FFF776FD10BD000088
:1070E0007400002010B50120044908700223C82252
:1070F00064211846FFF768FD10BD000074000020F1
:1071000070B506464B48FFF7AAFC04464A48FFF70D
:10711000A6FC0546012C04D0022C22D0032C2ED133
:107120002CE046490978481CC11700EB9171891081
:10713000A0EB8101414A11701046007807F022FE51
:107140003E48007818B13D480078032802D100205D
:107150003B4908700223C82264211846FFF734FD1A
:107160000EE03848007880F00100364908700223AC
:10717000C82264211846FFF727FD01E000E000BFA8
:1071800000BF012D04D0022D37D0032D4FD135E0A3
:107190002B480078B0B929480078022803D0274846
:1071A0000078012828D10120254908704FF07E5031
:1071B0002549086048600223C82264211846FFF769
:1071C00003FD19E01E480078012815D100201C4954
:1071D00008701A480078022802D107F0D3FD05E0B4
:1071E00016480078012801D107F0CCFD0223C822FF
:1071F00064211846FFF7E8FC1AE019E0134800780C
:10720000012805D1002007F0A9F91149087007E00D
:107210000E48007820B9012007F0A0F90C49087049
:107220000223C82264211846FFF7CEFC00E000BF0D
:1072300000BF70BD5C0A0020840A00200901002004
:107240007500002072000020E817002008010020CF
:107250007600002010B55C48007800287ED05BA145
:107260005C4807F09AF850B95BA15A4807F095F8C6
:1072700028B95BA1574807F090F8002823D053A104
:10728000544807F08AF828B1574A50A1514807F0EE
:107290000BF814E050A14F4807F07FF828B1524A8C
:1072A0004DA14C4807F000F809E04DA1494807F00E
:1072B00074F820B14C4A4AA1464806F0F5FF4B4904
:1072C000494806F069FE4AA1424807F066F848B905
:1072D00049A1404807F061F820B949A13D4807F0AD
:1072E0005CF820B342A13B4807F057F828B13E4A6A
:1072F0003FA1384806F0D8FF14E03FA1354807F019
:107300004CF828B1384A3CA1324806F0CDFF09E0DC
:107310003BA1304807F041F820B1334A38A12D484D
:1073200006F0C2FF31492C392F4806F0BBFD36A1CB
:10733000284807F032F848B935A1264807F02DF85B
:1073400020B935A1234807F028F830B32EA12148F1
:1073500007F023F838B1244A2BA100E033E01D48A0
:1073600006F0A2FF14E02AA11A4807F016F828B187
:107370001D4A27A1174806F097FF09E026A11548E6
:1073800007F00BF820B1184A23A1124806F08CFF31
:1073900016492431144806F097FE4FF480610D48D9
:1073A000FDF7C9FA64211048FDF7E7FA0020064905
:1073B00008701B480D492C3908601A4888601A4922
:1073C0000A482C38816510BD8400002024474E52A5
:1073D0004D430000C40F0020244750524D4300008D
:1073E00024474C524D43000070040020000500204B
:1073F00024474E474741000024475047474100007B
:1074000024474C474741000024474E56544700004C
:10741000244750565447000024474C565447000018
:107420004C47A841D288D342000040411CB50446D5
:107430005A208DF800002F48007870B90122694663
:10744000100206F067FC2C48C088002851D029485B
:107450000078401C274908704BE026480078012836
:107460000AD101226946000206F054FC2148007846
:10747000401C204908703CE01E48007802280BD1CF
:107480000122694640F2011006F044FC19480078D8
:10749000401C184908702CE01648007803280BD1CE
:1074A000012269464FF4817006F034FC11480078DF
:1074B000401C104908701CE00E48007804280BD1CD
:1074C000012269464FF4827006F024FC09480078D6
:1074D000401C084908700CE006480078052808D1CF
:1074E0000122694640F2051006F014FC0120014912
:1074F00008701CBDF0000020AC17002000200449DB
:1075000008700448007810B90120024908707047DB
:1075100077000020780000200120014908707047A2
:10752000770000202DE9F04F9BB0874908680021C3
:1075300008F070F836D084498868002108F06AF8AD
:1075400030D08149886D07F009FF04460D467E4919
:10755000086D07F003FF06460F467B49886807F071
:10756000FDFE804689467849086807F0F7FE02AAC2
:10757000A2E80303CDE90667CDE9084572488069B2
:1075800071494969CDE900106F4870A24FF400714C
:1075900003697948FCF728FF80B20B90764804F025
:1075A00083FC02E075A004F07FFC7B49B1F9080080
:1075B00008F0A0F88146794907F06AFF044607F011
:1075C000CDFE05460E467449C88808F0ABF88146E2
:1075D000724907F05DFF044607F0C0FE0746884683
:1075E0006D4880896C49498BCDE90456CDE9061078
:1075F000694800796AA24FF40071CDE900780290E1
:107600005D48FCF7F1FE80B21A905B4804F04CFC38
:107610006C49B1F9040008F06DF8064607F09EFECB
:1076200004460D466748B0F912006649098866A20B
:10763000CDE90045CDE902104FF400714E48FCF74A
:10764000D3FE80B219904C4804F02EFC5D49886846
:1076500007F084FE04460D465A49C86807F07EFECE
:1076600006460F465748B0F914005649B1F90210C2
:10767000544A128ACDE90067CDE90245CDE90421DB
:10768000069058A24FF400713B48FCF7ADFE80B263
:107690001890394804F008FC5B485C495CA35EA282
:1076A000CDE900104FF400713348FCF79DFE80B225
:1076B0001790314804F0F8FB5D48007828B95DA2C6
:1076C000142112A8FCF790FE1CE05948007801280C
:1076D00005D159A2142112A8FCF786FE12E05448E5
:1076E0000078022805D156A2142112A8FCF77CFECE
:1076F00008E04F480078032804D153A2142112A8AF
:10770000FCF772FE5248037852A214210DA8FCF730
:107710006BFE5248006807F021FE04460D460DA896
:1077200012A94FA2CDE90045CDE902104FF4007136
:107730001148FCF759FE80B20C900F4804F0B4FBDE
:107740001BB0BDE8F08F0000D404002024474E5346
:10775000532C47312C2530326425303264253032A9
:10776000642C252E36662C252E36662C252E316669
:107770002C252E31660D0A00F613002024474E53A7
:10778000532C47312C3030303030302C302C302CD2
:10779000302C300D0A000000AC17002000007A44A5
:1077A00024424D532C47312C252E31662C25303266
:1077B000642C252E31662C253034642C253032641F
:1077C0000D0A0000C8170020244D4F544F522C477B
:1077D000312C252E31662C253034642C2530326432
:1077E0000D0A000024564553432C47312C252E31D9
:1077F000662C252E31662C253034642C25303264DD
:107800002C253032640D0A003500002015000020C0
:10781000392E302E3400000024494E464F522C475A
:10782000312C25732C25732C25730D0A00000000C4
:107830000901002045636F004E6F726D616C00009E
:1078400053706F7274000000446F636B696E670061
:107850007000002045256C750000000058000020D5
:1078600024494E464F522C47322C252E31662C256A
:10787000732C25730D0A00002DE9F04F8DB05E4882
:10788000007830B95D4806F00BFF01205A490870B6
:10789000AEE059480078012810D1584BDA7A584B9D
:1078A0009978188806F016FF5448C17A5548007830
:1078B00006F050FF02205049087099E04E480078C9
:1078C000022806D1504806F0EBFE03204A49087012
:1078D0008EE04948007803286CD14C4890F810A0FD
:1078E00090F814B04A4880F800A080F801B0002059
:1078F0004749887018208860084606F023FD4448F0
:1079000006F020FD804689464049086807F0D2FE0F
:107910000A903E49086807F0CDFE09903B49086A85
:1079200007F0C8FE08903949486C07F0C3FE0B9079
:107930003649886C07F0BEFE0C900B9807F0F2FEFB
:1079400004460C9807F0EEFE05462F48C27A214601
:10795000284606F08DFF099807F0E4FE04460A98D1
:1079600007F0E0FE05462848C27A2146284606F080
:1079700047FF089807F06FFB04460D46099807F08B
:107980006AFB06460F460A9807F065FBCDE906013B
:107990001D48C07A32463B468DE830030490069875
:1079A00006F0A4FF1849C87A07F03CF804201249F1
:1079B00008701DE010480078042806D1154806F02C
:1079C0006FFE05200C49087012E00B48007805286E
:1079D0000ED11149087907F0A5FE04460D48C37A77
:1079E00000222146104606F0D3FE0020024908700E
:1079F0000DB0BDE8F08F00007D000020AC0000203D
:107A0000C8170020F1000020A0000020D4040020AE
:107A1000480A0020B8000020AC17002010B504462A
:107A2000014800F00FFD10BDDC0100202DE9F05FE2
:107A30008146002500248749886D07F03BFE85B20A
:107A40008548047985498868002107F07FFE06D2C1
:107A500082498868824907F0ADFE804988607F4A84
:107A60009168D06807F0A6FE064607F023FE7B4922
:107A700008827948B0F90800002805DA76480089BC
:107A8000404200B2744908817349B1F9080007F017
:107A900031FE82467049C88807F044FE834671492A
:107AA00007F0F6FC8046514607F084FE07466D4914
:107AB00007F0EEFC064607F0FDFD674948830846DF
:107AC00080894B2803DA0846C0894B2803DB032052
:107AD0006549087014E06148B0F914004B2803DBD5
:107AE0000420614908700BE05C48B0F912004B2893
:107AF00003DB05205C49087002E000205A49087049
:107B000055488089462803DA5348C089462804DB53
:107B10000121072004F0AAFC02E0072004F07CFC0D
:107B20004C490868002107F075FD0AD0494988686A
:107B3000002107F06FFD04D001210B2004F096FC1A
:107B400002E00B2004F068FC48480078012804D1CA
:107B50000121082004F08AFC02E0082004F05CFC0B
:107B600043480078012804D10121062004F07EFC5E
:107B700002E0062004F050FC3E48007801280BD1BA
:107B80003D480078012807D13C48007820B9012100
:107B9000092004F06BFC1CE03748007818B9092074
:107BA00004F03AFC15E034480078012803D133484A
:107BB0000078012802D02F48007850B90021092010
:107BC00004F00AFA01234FF4FA7211460220FEF77C
:107BD000FBFF22460023022004F0CCFC22460023B7
:107BE000184604F0C7FC264802684368072004F0E2
:107BF000C1FC1D48007828B92A460023032004F060
:107C0000B9FC05E0184802780023042004F0B2FC17
:107C10001C480078012807D11048018A0A46002331
:107C2000062004F0A7FC06E00C4801880A46002361
:107C3000052004F09FFC144802780023082004F07B
:107C400099FC124802780023092004F093FCBDE857
:107C5000F09F0000D4040020AC170020C8170020BB
:107C6000000080BF00007A447000002075000020F2
:107C700074000020760000207700002078000020AB
:107C8000600100207200002009010020080100208E
:107C900010B504460020034908700348006806F048
:107CA00085FF10BD7B000020640000200022054BF2
:107CB000DA61054A126942F00102034B1A61018040
:107CC00070470000500400200020024000201E49A0
:107CD000C96801F0100139B11C49C96941F00201BC
:107CE0001A4AD16140F010001749C96801F0040137
:107CF00039B11649C96941F00101144AD16140F016
:107D000004001149C96901F0010169B10F49C9694C
:107D100041F004010D4AD16100BF0B49C96921F04E
:107D20000101094AD16100BF00BF40F20111884240
:107D300006D10549C96921F00101034AD16101E079
:107D40000149C86000BF7047002002405004002075
:107D500070B5044602F032FA054609E0601C38B1FD
:107D600024B102F02BFA401BA04201D9032070BDC0
:107D70001248C06800F001000028EFD10F48C06829
:107D800000F0200020B100BF20200C49C86000BFD7
:107D90000A48C06800F0100048B90848C06900F0FF
:107DA000010020B90548C06800F0040018B1FFF7D1
:107DB0008DFF0120DBE70020D9E700000020024012
:107DC0001CB54FF480620949094803F0FFFE2E24D8
:107DD0002146074804F03CFF0020009003460122A2
:107DE00001460190024804F0F5FE1CBDC40B0020C2
:107DF000A402002070B505460F4803F085FB0F482C
:107E000000684068C0F5806084B20D48007860B9B1
:107E100001200B49087022460A490B48FCF70CFD6B
:107E20004FF480610748FCF786FD4FF480620549F6
:107E3000014803F0CBFE70BDA40200200C0400201A
:107E400084000020C40B0020C40F002038B5044675
:107E50000D4920680968884215D10B480068006800
:107E6000C0F3001078B100BF002000900648006801
:107E700000680090044800684068009000BF00BFA0
:107E80002046FFF7B7FF38BDA4020020014908686B
:107E900049687047600100207047000038B502460D
:107EA00000230020009000BF92F82400012801D197
:107EB000022038BD012082F8240000BF486807284E
:107EC00012D21068406B0C79641E04EB84051F24E9
:107ED000AC40A0430D796D1E05EB85050C68AC40E8
:107EE00020431468606327E048680D2812D21068A8
:107EF000006B0C79E41F04EB84051F24AC40A04305
:107F00000D79ED1F05EB85050C68AC402043146826
:107F1000206311E01068C06A0C790D3C04EB840505
:107F20001F24AC40A0430D790D3D05EB85050C6881
:107F3000AC4020431468E06208680A2812D3106835
:107F4000C0680C780A3C04EB44050724AC40A0430D
:107F50000D780A3D05EB45058C68AC40204314685C
:107F6000E0600FE0106800690C7804EB440507241A
:107F7000AC40A0430D7805EB45058C68AC40204330
:107F8000146820610868102802D00868112827D1D9
:107F9000174C1068A0421ED11068806800F40000E1
:107FA000F0B91068806840F400001468A0600868A8
:107FB000102815D10F4800680F4CB0FBF4F000EB0F
:107FC00080004000009002E00098401E0090009861
:107FD0000028F9D104E0906A40F02000906201236B
:107FE00000BF002082F8240000BF184661E70000AF
:107FF000002401401000002040420F0010B504464C
:1080000004492068884204D1034800F08FF80349EE
:10801000088010BD00240140DC010020FC0000208D
:1080200070B5044600250CB9012070BDA06A40F06F
:108030000200A0622046FEF76FFB0546002D69D1C5
:108040006FF01F00216808602068406835490840CB
:10805000216848602068806833490840216888604A
:108060002068C06800F07F402168C860206800690F
:1080700000F0404021680861206840696FF30B0000
:1080800021684861206880696FF30B00216888616E
:108090002068C0696FF30B002168C8612068006A1E
:1080A0006FF30B00216808622068406A6FF30B00D1
:1080B000216848622068806A6FF30B00216888623B
:1080C0002068C06A00F07F402168C8622068C06AEA
:1080D00000F07F402168C8622068006B00F04040DB
:1080E000216808632068406B00F0404021684863C5
:1080F0002068806B6FF31500216888632068806BAF
:108100006FF3150021688863204600F041F90020D4
:10811000E062A06200BF002084F8240000BF28466F
:1081200083E7000000003FFFF00601FF01460868FA
:10813000C06C704770B504462068056820684668C2
:1081400006F0200020282DD105F00200022829D1B8
:10815000A06A00F0100018B9A06A40F40070A06294
:108160002068806800F46020B0F5602F13D1207B78
:1081700088B92068406820F0200021684860A06A23
:1081800020F48070A062A06A00F4805018B9A06A40
:1081900040F00100A0622046FFF730FF6FF01200B0
:1081A0002168086006F08000802839D105F00400BD
:1081B000042835D1A06A00F0100018B9A06A40F474
:1081C0000050A0622068806800F4E040B0F5E04F05
:1081D0000DD02068406800F48060D0B920688068C5
:1081E00000F46020B0F5602F13D1207B88B920689F
:1081F000406820F0800021684860A06A20F4805028
:10820000A062A06A00F4807018B9A06A40F0010072
:10821000A0622046FFF740FE6FF00C002168086066
:1082200006F0400040280DD105F0010050B1A06AD1
:1082300040F48030A062204600F0A8F86FF0010002
:108240002168086070BD00002DE9F0410446002758
:1082500000250026A84614B90120BDE8F081A068D9
:1082600010B1207D00B100BFA06A30B90020E062EB
:1082700084F82400204600F0A5F82046FEF74CFACA
:108280000746A06A00F01000002873D1002F71D1BA
:10829000A06A20F4885040F00200A062E1696068A2
:1082A0000843217B40EA41000643A068B0F5807F87
:1082B00002D0A068012802D14FF4807000E00020B5
:1082C0000543207D012811D1207B38B9A069401ECB
:1082D0004FF4006141EA4030054307E0A06A40F0F6
:1082E0002000A062E06A40F00100E062206840687F
:1082F00020F469402843216848602068806821494B
:108300000840304321688860A068B0F5807F02D0C3
:10831000A068012802D14FF4807000E00020B0F581
:10832000807F03D1208A401E4FEA00582068C06A2F
:1083300020F4700040EA08002168C8622068806864
:1083400011490840B04208D10020E062A06A20F044
:10835000020040F00100A06211E0A06A20F00200DB
:1083600040F01000A062E06A40F00100E0620127E6
:1083700005E0FFE7A06A40F01000A0620127384640
:108380006BE70000FDF7E1FFFE0E1FFF70470000E6
:1083900010B504460849206888420CD10748806916
:1083A00020F40070054988610421054801F0CEFCE5
:1083B000122001F07FFF10BD002401400010024098
:1083C0000008014010B586B00446002002900390DA
:1083D000049005901849206888422AD100BF1748A8
:1083E000806940F40070154988610846806900F48E
:1083F0000070019000BF00BF00BF0846806940F0D8
:10840000040088610846806900F00400019000BF04
:1084100000BF042002900320039002A9084801F045
:108420002FFD00221146122001F076FF122001F0EC
:1084300063FF06B010BD00000024014000100240A0
:108440000008014070B50446002500BF94F82400E0
:10845000012801D1022070BD012084F8240000BF52
:108460002046FEF787F90546002D7DD1A06A40F62B
:108470000161884340F48070A0623F4920688842CF
:1084800008D13E48006800F4702008B9012002E0DD
:10849000002000E0012078B1A06A20F48010A062E2
:1084A0002068406800F4806000B3A06A20F40050A7
:1084B00040F48050A06219E0A06A40F48010A062ED
:1084C0002E49091F2068884203D02B492068884222
:1084D00004D12A48006800F4806000E0002028B140
:1084E000A06A20F4005040F48050A062A06A00F41A
:1084F000805020B1E06A20F00600E06201E0002038
:10850000E06200BF002084F8240000BFC01E216884
:1085100008602068406840F02000216848602068BA
:10852000806800F46020B0F5602F16D112492068F1
:10853000884208D11148006800F4702008B9012071
:1085400002E0002000E0012038B12068806840F49B
:10855000A000216888600CE006E02068806840F494
:1085600080102168886004E000BF002084F82400A7
:1085700000BF28466FE700000028014004240140A6
:1085800010B5024692F82030012B01D0022B06D103
:1085900010684069084314686061002010BD506A8B
:1085A00040F4802050620120F8E7F0B504460D4603
:1085B0001E4694F8207020688368A86800B900E01F
:1085C00000BF012F01D0022F7DD103F0806030B9B0
:1085D00003F0006018B903F0805000287ED0C3F388
:1085E0000161012088403060A86860B9B5F800C01A
:1085F000E86840EA4C5C206800F5C07000EB0110B0
:10860000C0F800C00FE0D5E901C040EACC00D5F8C1
:108610000CC040EA0C00D4F800C00CF5C07C0CEB98
:10862000011CCCF80000D5F810C0206800F5C0701F
:1086300000EB0110C0F804C0287D01280ED120688D
:1086400000F5C07000EB0110406840F4807C2068A9
:1086500000F5C07000EB0110C0F804C0D07900062E
:1086600092F806C040EA0C4092F805C040EA0C209F
:1086700092F804C040EA0C00D4F800C00CF5C07CAD
:108680000CEB011CCCF80C00D078000692F802C06C
:1086900040EA0C4092F801C040EA0C2092F800C079
:1086A00040EA0C00D4F800C00CF5C07C0CEB011CB7
:1086B000CCF80800206800F5C07000EB01100068DD
:1086C00040F0010C01E00FE008E0206800F5C07008
:1086D00000EB0110C0F800C00020F0BD606A40F45B
:1086E000001060620120F8E7606A40F48020606258
:1086F0000120F2E7F0B504460A46216894F82050BC
:10870000012D01D0022D7ED1424901F5007108688A
:1087100040F001000860086820F47C500860086898
:10872000566A40EA06200860107D00F01F0601200E
:1087300000FA06F3C8699843C861A1F50071D069D1
:10874000C8B9D1F80C029843C1F80C02908880B2E5
:10875000968940EA064601F51070576940F837607F
:10876000108880B2168940EA064601F510705769F4
:1087700000EBC7004660D069012819D1D1F80C027E
:108780001843C1F80C02908880B2168840EA064669
:1087900001F51070576940F83760908980B21689EA
:1087A00040EA064601F51070576900EBC7004660C5
:1087B000906928B9D1F804029843C1F8040204E092
:1087C000D1F804021843C1F80402106928B9D1F89D
:1087D00014029843C1F8140204E0D1F814021843BB
:1087E000C1F81402106A012804D1D1F81C02184300
:1087F000C1F81C02D1F8000220F00100C1F800020B
:108800000020F0BDFFE7606A40F480206062012034
:10881000F7E700000064004010B504460CB90120E1
:1088200010BD204600F022FE204600F0B9FA206874
:10883000006840F40040216808600020606284F80D
:10884000200000BFECE7704770B5044694F8205054
:10885000012D01D0022D7DD151B92068C06800F0F2
:10886000030080B9606A40F400106062012070BDAE
:108870002068006900F0030028B9606A40F4001025
:1088800060620120F3E7206800F5D87000EB01106A
:10889000006800F004009060906840B9206800F51E
:1088A000D87000EB01100068400D106007E02068F0
:1088B00000F5D87000EB01100068C0085060206817
:1088C00000F5D87000EB0110006800F00200D060E5
:1088D000206800F5D87000EB0110406800F00F0030
:1088E000082802D30820106108E0206800F5D8703D
:1088F00000EB0110406800F00F001061206800F5E7
:10890000D87000EB0110406800F47F40000A9061CD
:10891000206800F5D87000EB01104068000C506131
:10892000206800F5D87000EB01108068187020688E
:1089300000F5D87000EB0110806800F47F40000A59
:108940005870206800F5D87000EB0110806800F4C2
:108950007F0000E03CE0000C9870206800F5D870C3
:1089600000EB01108068000ED870206800F5D87008
:1089700000EB0110C0681871206800F5D87000EB9A
:108980000110C06800F47F40000A5871206800F5AB
:10899000D87000EB0110C06800F47F00000C9871E3
:1089A000206800F5D87000EB0110C068000ED87187
:1089B00031B92068C06840F020002668F06005E00A
:1089C0002068006940F020002668306100204EE7F2
:1089D000606A40F480206062012048E72DE9F05F82
:1089E00004460025206846692068D0F80490206875
:1089F00087682068D0F80CA02068D0F810B02068F4
:108A0000D0F8188006F00100002855D007F00100CA
:108A1000C0B101202168886007F0020018B120462B
:108A200000F05AFD0EE007F0040010B145F40065B7
:108A300008E007F0080010B145F4805502E0204638
:108A400000F049FD07F48070C8B14FF480702168D0
:108A5000886007F4007018B1204600F03FFD0EE07A
:108A600007F4806010B145F4005508E007F4006099
:108A700010B145F4804502E0204600F02EFD07F4D9
:108A80008030C8B14FF480302168886007F400302E
:108A900018B1204600F024FD0EE007F4802010B14C
:108AA00045F4004508E007F4002010B145F4803596
:108AB00002E0204600F013FD06F0080038B10AF08D
:108AC000100020B145F4007510202168C86006F040
:108AD000040040B10AF0080028B108202168C860ED
:108AE000204600F075FA06F0020038B12068C06830
:108AF00000F0030010B1204600F06CFA06F04000D0
:108B000038B10BF0100020B145F4806510202168C9
:108B1000086106F0200040B10BF0080028B10820E1
:108B200021680861204600F06FFC06F0100038B1A3
:108B30002068006900F0030010B1204600F065FCD9
:108B400006F4003040B109F0100028B1102021686F
:108B50004860204600F05AFC06F4803040B109F02D
:108B6000080028B1082021684860204600F0B9FCC0
:108B700006F4004088B309F0040078B306F480706E
:108B800020B108F0010008B145F0010506F40070BD
:108B900020B108F0020008B145F0020506F480603B
:108BA00020B108F0040008B145F0040506F40060A7
:108BB000A0B108F0700088B108F07000402817D00C
:108BC00006DC10280BD020280CD0302819D10CE05E
:108BD000502810D0602814D110E01DE019E045F0B5
:108BE00008050FE045F010050CE045F0200509E010
:108BF00045F0400506E045F0800503E045F480754A
:108C000000E000BF00BF2068806920F0700021688C
:108C100088610420216848602DB1606A2843606241
:108C20002046FFF710FEBDE8F09F70B504460CB972
:108C3000012070BD94F8200010B9204600F0FEF825
:108C40002068006840F001002168086001F0B6FA71
:108C500005460DE001F0B2FA401B0A2808D9606A07
:108C600040F400306062052084F820000120E0E735
:108C70002068406800F001000028EBD02068006800
:108C800020F002002168086001F098FA05460DE026
:108C900001F094FA401B0A2808D9606A40F40030B9
:108CA0006062052084F820000120C2E72068406847
:108CB00000F002000028EBD1207E012806D12068B8
:108CC000006840F080002168086005E020680068C6
:108CD00020F0800021680860607E012806D12068AD
:108CE000006840F040002168086005E020680068E6
:108CF00020F0400021680860A07E012806D120688D
:108D0000006840F020002168086005E020680068E5
:108D100020F0200021680860E07E012806D120684C
:108D2000006820F010002168086005E020680068F5
:108D300040F0100021680860207F012806D12068DB
:108D4000006840F008002168086005E020680068BD
:108D500020F0080021680860607F012806D12068A3
:108D6000006840F004002168086005E020680068A1
:108D700020F0040021680860D4E902010843216959
:108D80000843616908436168491E08432168C86156
:108D900000206062012084F82000002049E70000E4
:108DA00010B5044620492068884219D11F48006840
:108DB000401E1E4908600846006828B91C48C06962
:108DC00020F000701A49C8614FF44071194800F052
:108DD000BDFF142001F06EFA142001F06BFA22E0BE
:108DE0001549206888421ED11148C06920F0806072
:108DF0000F49C8610D480068401E0C4908600846CC
:108E0000006828B90A48C06920F000700849C861A4
:108E10004FF44051074800F099FF402001F04AFA12
:108E2000402001F047FA10BD00640040000000201F
:108E300000100240000C01400068004010B586B0F0
:108E40000446002002900390049005905A4920683F
:108E5000884254D159480068401C58490860084667
:108E6000006801280DD100BF5548C06940F000706E
:108E70005349C8610846C06900F00070019000BF06
:108E800000BF00BF4E48806940F008004C4988612F
:108E90000846806900F00800019000BF00BF8815F7
:108EA000029000200390049002A9464800F0E8FFD9
:108EB0004FF400700290022003900320059002A955
:108EC000404800F0DDFF00BF3F49486820F4C04043
:108ED00040F0E06040F48040486000BF002211464E
:108EE000142001F019FA142001F006FA00221146AC
:108EF000142001F011FA142001F0FEF95AE0334970
:108F00002068884256D100BF2D48C06940F080607B
:108F10002B49C8610846C06900F08060019000BF1D
:108F200000BF26480068401C2449086008460068C5
:108F300001280DD100BF2248C06940F000702049CF
:108F4000C8610846C06900F00070019000BF00BF12
:108F500000BF1B48806940F0080019498861084635
:108F6000806900F00800019000BF00BF88140290E3
:108F700000200390049002A9124800F081FF4FF4F2
:108F800000500290022003900320059002A90D4892
:108F900000F076FF00221146402001F0BDF940208C
:108FA00001F0AAF900221146402001F0B5F9402055
:108FB00001F0A2F906B010BD0064004000000020DE
:108FC00000100240000C0140000001400068004019
:108FD000704700002DE9F0410546F94928688842AC
:108FE0006FD1F84BF84A00212846FFF72DFCF648D0
:108FF0008068042866D1F4488088C0F307200928D7
:1090000060D1F0480078FF280DD10220EF490870A8
:10901000002005E0EB49095CC943EA4A1154401CB1
:109020000428F7DB02E00020E8490870E5480078F2
:10903000E7490880E3484078097840EA0120E4499C
:109040000880E0488078097840EA0120E0490880FB
:10905000DC48C078097840EA0120DD4908800846EC
:10906000008810B90120D9490870D9480088072123
:1090700090FBF1F0D6490880D2480479407940EA63
:10908000042004B208468480B0F904000A2190FB51
:10909000F1F000B2CE498880CA4880794880C9483A
:1090A000C079897840EA012000B2C9494880084661
:1090B000B0F902000A2190FBF1F000B2C4494880E7
:1090C00089E08BE1C0488068042850D1BE48808880
:1090D000C0F3072010284AD1BA480078BC498882DA
:1090E000B8484078097D40EA012000B2B84988823A
:1090F0000846B0F914000A2190FBF1F000B2B4491F
:109100008882B04880784882AE48C078897C40EA3E
:10911000012000B2AE494882B1F9120006F0EAFA25
:109120008046AC4906F0B4F9074606F0A7FA00B24B
:10913000A7494882A3480479407940EA042004B250
:10914000204606F0D7FA804604F08AFC074606F06F
:1091500095FA06B2701C00283DD0304606F0CAFAD7
:1091600007469C4906F094F99949886033E096488F
:10917000806804282FD194488088C0F307201B28DA
:1091800029D190480078924988618E484078896951
:1091900040EA01208E4988618A488078896940EADE
:1091A00001208B4988618748C078896940EA01209D
:1091B0008749886183480479407940EA042004B2F1
:1091C000204606F097FA8249C860C868814906F0CF
:1091D0005FF97F49C8607C488068E0BB7A480068D6
:1091E000B0F5807F3DD1774800797B49488075484C
:1091F0004079897840EA0120774948807148807831
:1092000008817048C078097A40EA012000B27249AA
:1092100008816C480078C8806A484078897940EABB
:1092200001206D49C8800846C08800EB80004FF6D9
:10923000FF7101EA40006849C8800846008964213E
:10924000484300B2644908810846408800EB80002A
:109250004FF6FF7100E004E001EA40005E494880FB
:10926000CAE05948806878BB5748006840F201114D
:1092700088422AD1534800795749087151484079AA
:10928000097940EA0120544908714E488078887273
:109290004C48C078897A40EA01204F498872494891
:1092A0000078088047484078097840EA01204A4918
:1092B00008800846008800EB80004FF6FF7101EA45
:1092C00040004549088097E0FFE73F48806820BBA1
:1092D0003D480068B0F5817F1FD13A4800793E498A
:1092E000C88238484079897D40EA01203A49C882DD
:1092F0003448807888823348C078897C40EA0120ED
:10930000354988822F48007848822E484078097D68
:1093100040EA0120304948826EE02B48806848B915
:1093200029480068B0F5827F04D1264800782A4990
:10933000087661E024488068F0BB2348006840F26A
:109340000511884258D11F480078234988811D485B
:109350004078097B40EA01201F49888119488078BC
:10936000C8811848C078897B40EA01201A49C88121
:1093700014480079088213484079097C40EA0120AA
:109380001549088208468089A0F6AB200A2190FB87
:10939000F1F0114988810846C089A0F6AB200A2166
:1093A00090FBF1F00C49C8810846008AA0F6AB207A
:1093B0000A2190FBF1F000E01EE0074908821BE063
:1093C00000640040D400002068170020F100002055
:1093D000C817002000002041AC170020074928686A
:1093E000884209D1064B074A00212846FFF72CFA8C
:1093F0000349044805F092F8BDE8F0810068004098
:10940000E40000206817002070477047704770B56F
:10941000044694F82000012822D1022084F820007C
:109420002068006820F001002168086000F0C6FE96
:1094300005460DE000F0C2FE401B0A2808D9606A0C
:1094400040F400306062052084F82000012070BDE7
:109450002068406800F001000028EBD16062F6E768
:10946000606A40F4002060620120F0E770B50446B5
:1094700094F82000022828D12068006840F00100FC
:109480002168086000F09AFE05460DE000F096FEA7
:10949000401B0A2808D9606A40F400306062052049
:1094A00084F82000012070BD2068406800F00100B1
:1094B0000028EBD02068006820F0020021680860D6
:1094C000012084F820000020EDE7606A40F480105D
:1094D00060620120E7E77047704770477047704748
:1094E000704770470146002291F82100022808D0F9
:1094F0000420886300BF002081F8200000BF012005
:1095000070470868006820F00E000B681860086853
:10951000006820F001000B68186091F840300120CD
:109520009840CB6B5860012081F8210000BF0020DB
:1095300081F8200000BF1046E2E7000070B5044645
:10954000002594F82100022803D00420A0630125FF
:10955000C1E02068006820F00E00216808602068E3
:10956000006820F00100216808605C49206888429A
:1095700052D95A4978392068884201D1012047E000
:10958000564964392068884201D1102040E053498F
:1095900050392068884201D1801539E04F493C3963
:1095A0002068884201D1801432E04C492839206873
:1095B000884202D14FF480302AE0484914392068AB
:1095C000884202D14FF4801022E04449206888424A
:1095D00001D140041CE042492068884201D10120A9
:1095E00016E03F4914312068884201D110200FE075
:1095F0003B4928312068884201D1801508E038496C
:109600003C312068884201D1801401E04FF4803061
:109610003349091F086051E0304978392068884291
:1096200001D1012047E02D4964392068884201D1E9
:10963000102040E0294950392068884201D1801526
:1096400039E026493C392068884201D1801432E053
:10965000224928392068884202D14FF480302AE01C
:109660001E4914392068884202D14FF4801022E04C
:109670001A492068884201D140041CE0184920683A
:10968000884201D1012016E0154914312068884232
:1096900001D110200FE0124928312068884201D101
:1096A000801508E00E493C312068884201D18014C1
:1096B00001E04FF48030094980394860012084F886
:1096C000210000BF002084F8200000BF606B10B1B3
:1096D0002046616B8847284670BD0000800002402C
:1096E00008040240014609B9012070470868006873
:1096F00020F001000A68106000200A6810600A6803
:1097000050600A6890600A68D060174A0868904202
:109710000BD2164A0868801A1422B0FBF2F08000BF
:10972000086412480838C8630AE00F4A0868801ABB
:109730001422B0FBF2F0800008640B480838C863BC
:1097400091F8402001209040CA6B50600020886250
:10975000C86208634863886381F8210000BF81F80C
:10976000200000BF00BFC0E708040240080002401C
:1097700070B50446E06B05682068066894F84010F0
:10978000042088402840002875D006F004000028F6
:10979000FAD02068006800F0200028B9206800682E
:1097A00020F0040021680860D5492068884254D917
:1097B000D34978392068884201D1042049E0D04952
:1097C00064392068884201D1402042E0CC495039B8
:1097D0002068884201D100153BE0C9493C39206826
:1097E000884202D14FF4804033E0C54928392068CF
:1097F000884202D14FF480202BE0C14914392068FF
:10980000884202D14FF4800023E0BD49206888429D
:1098100001D1C0041DE0BB492068884201D1042069
:1098200017E0B84914312068884201D1402010E087
:10983000B44928312068884201D1001509E0B149B6
:109840003C312068884202D14FF4804001E04FF45F
:109850008020AC49091F086054E0A9497839206884
:10986000884201D104204AE0A54964392068884231
:1098700002D1402043E04CE0A149503920688842A1
:1098800001D100153BE09E493C392068884202D155
:109890004FF4804033E09A4928392068884202D149
:1098A0004FF480202BE0964914392068884202D179
:1098B0004FF4800023E092492068884201D1C0041F
:1098C0001DE090492068884201D1042017E08D49AD
:1098D00014312068884201D1402010E089492831A4
:1098E0002068884201D1001509E086493C31206892
:1098F000884202D14FF4804001E04FF4802080493B
:1099000080394860E06A002802D02046E16A884732
:10991000F4E094F84010022088402840002871D0DC
:1099200006F002000028FAD02068006800F020004D
:1099300040B92068006820F00A0021680860012012
:1099400084F821006E492068884254D96C497839DE
:109950002068884201D1022049E0694964392068C1
:10996000884201D1202042E0654950392068884270
:1099700001D140153BE062493C392068884202D160
:109980004FF4005033E05E4928392068884202D104
:109990004FF400302BE05A4914392068884202D134
:1099A0004FF4001023E056492068884201D180041A
:1099B0001DE054492068884201D1022017E0514936
:1099C00014312068884201D1202010E04D4928310F
:1099D0002068884201D1401509E04A493C3120689D
:1099E000884202D14FF4005001E04FF40030454965
:1099F000091F086054E0424978392068884202D142
:109A000002204AE057E03E4964392068884201D18B
:109A1000202042E03A4950392068884201D140155F
:109A20003BE037493C392068884202D14FF400506E
:109A300033E0334928392068884202D14FF400309E
:109A40002BE02F4914392068884202D14FF40010CE
:109A500023E02B492068884201D180041DE0294978
:109A60002068884201D1022017E02649143120687D
:109A7000884201D1202010E0224928312068884204
:109A800001D1401509E01F493C312068884202D1CC
:109A90004FF4005001E04FF400301949803948601C
:109AA00000BF002084F8200000BFA06A30B3204629
:109AB000A16A884722E094F8401008208840284096
:109AC000E0B106F00800C8B12068006820F00E0080
:109AD0002168086094F8401001208840E16B4860DC
:109AE0000120A06384F8210000BF002084F820003A
:109AF00000BF206B10B12046216B884770BD00006D
:109B000080000240080402400146002209B90120F9
:109B100070471E4B086898420BD21D4B0868C01A4C
:109B20001423B0FBF3F08000086419480838C863B8
:109B30000AE0164B0868C01A1423B0FBF3F080004B
:109B4000086412480838C863022081F821000868B8
:109B5000026843F6F0708243D1E901031843CB68F1
:109B600018430B6918434B6918438B691843CB6939
:109B7000184302430868026000208863012081F8CE
:109B80002100002081F8200000BFC1E70804024046
:109B9000080002402DE9F04104460D4616461F46D6
:109BA0004FF0000800BF94F82000012802D10220E5
:109BB000BDE8F081012084F8200000BF94F8210066
:109BC00001282CD1022084F821000020A063206805
:109BD000006820F00100216808603B4632462946B3
:109BE0002046FCF7D9FFE06A30B12068006840F0F9
:109BF0000E00216808600BE02068006820F0040077
:109C0000216808602068006840F00A002168086048
:109C10002068006840F001002168086006E000BF8D
:109C2000002084F8200000BF4FF002084046BFE744
:109C300070B5044600F0C2FA06462546681C10B10D
:109C400004480078054400BF00F0B8FA801BA84221
:109C5000FAD370BD0C0000200348006940F080007A
:109C60000149086100207047002002402DE9FE4FA5
:109C700005468B4617469846012600240020029090
:109C800000BF2448007E012802D10220BDE8FE8FDB
:109C900001202049087600BF4CF25030FEF758F8FA
:109CA000064686BB012D02D10120029006E0022D5E
:109CB00002D10220029001E00420029000241EE064
:109CC0002201B946C24648465146FAF764FB80B2C3
:109CD0000190022000FB04B000900199FDF7E6FF1F
:109CE0004CF25030FEF734F806460B48006920F07D
:109CF00001000949086106B104E0601CC4B2029881
:109D00008442DDDB00BF00BF00200249087600BFAF
:109D10003046BBE7500400200020024000200849E4
:109D2000096901F0800151B10649054A51600649AF
:109D300051601146096901F0800101B101207047AD
:109D40000020024023016745AB89EFCD2DE9F041AA
:109D500002460B46002080E00127874007EA030106
:109D6000002979D0404F4FEA900C57F82C408707D4
:109D70004FEA177C0F2707FA0CF73C403B4FBA42DB
:109D800001D100270FE03A4FBA4201D101270AE082
:109D9000384FBA4201D1022705E0374FBA4201D10C
:109DA000032700E004274FEA807C4FEA1C7C07FA77
:109DB0000CF7A74231D1314F3F688F43DFF8BCC069
:109DC000CCF800700CF104073F688F430CF1040CD1
:109DD000CCF80070294F0C373F688F43DFF89CC0E8
:109DE0000CF10C0CCCF80070ACF104073F688F4309
:109DF000ACF1040CCCF8007087074FEA177C0F27F2
:109E000007FA0CF4184F4FEA900C57F82CC02CEAC4
:109E1000040C4FEA900847F828C0FF2901D81746DC
:109E200000E0171D3D46FF2901D8870002E0A0F1A0
:109E30000807BF003E462F684FF00F0C0CFA06FCD7
:109E400027EA0C074FF0040C0CFA06FC47EA0C0753
:109E50002F60D7688F43D760401C23FA00F7002F8C
:109E60007FF47AAFBDE8F0810800014000080140AE
:109E7000000C0140001001400014014000040140AA
:109E80002DE9F8470346002294466EE14FF00108A1
:109E900008FA02F4D1F8008008EA0400A0427DD15B
:109EA000DFF8DCA2D1F80480A8EB0A09D0453AD04B
:109EB00014DCB8F1030F50D009DCB8F1000F31D039
:109EC000B8F1010F1CD0B8F1020F49D120E0B8F170
:109ED000110F18D0B8F1120F42D11EE0B9F5881F4A
:109EE00025D006DCB9F5803F20D0B9F5801F37D1E9
:109EF0001AE0B9F5001F18D0B9F5041F30D117E0EA
:109F0000D1F80CC02DE0D1F80C8008F1040C28E049
:109F1000D1F80C8008F1080C23E0D1F80C8008F18E
:109F20000C0C1EE000BF00BF00BF00BF00BF00BFA1
:109F3000D1F80880B8F1000F02D14FF0040C0BE00B
:109F4000D1F80880B8F1010F03D14FF0080C1C6163
:109F500002E04FF0080C5C6103E04FF0000C00E001
:109F600000BF00BFFF2801D8984601E003F10408B4
:109F70004646FF2802D84FEA820803E0A2F108080B
:109F80004FEA88084746D6F800804FF00F0909FAD3
:109F900007F928EA09080CFA07F900E088E048EA1E
:109FA0000908C6F80080D1F8048008F08058B8F19C
:109FB000805F7DD100BFDFF8CC81D8F8188048F0F1
:109FC0000108DFF8C091C9F81880C846D8F8188091
:109FD00008F00108CDF8008000BF00BF4FEAB93893
:109FE0004FEA920958F829504FEA82784FEA1879D7
:109FF0004FF00F0808FA09F825EA0805DFF888810C
:10A00000434502D14FF0000816E0DFF88081434558
:10A0100002D14FF001080FE0DFF87481434502D10F
:10A020004FF0020808E0DFF86C81434502D14FF0A1
:10A03000030801E04FF004084FEA82794FEA1979EA
:10A0400008FA09F848EA0505DFF84C814FEA920959
:10A0500048F82950D1F8048008F48018B8F5801F1A
:10A060000AD1DFF83881D8F8008048EA0008DFF824
:10A070002C91C9F8008009E0DFF82081D8F8008031
:10A0800028EA0008DFF81491C9F80080D1F80480AC
:10A0900008F40018B8F5001F10D1DFF8008108F1AE
:10A0A0000408D8F8008048EA0008DFF8F09000E0E3
:10A0B0005AE009F10409C9F800800DE0DFF8DC80FE
:10A0C00008F10408D8F8008028EA0008DFF8CC90EE
:10A0D00009F10409C9F80080D1F8048008F40038B7
:10A0E000B8F5003F0ED1DFF8B480A8F10408D8F825
:10A0F000008048EA0008DFF8A490A9F10409C9F833
:10A1000000800DE0DFF89480A8F10408D8F8008002
:10A1100028EA0008DFF88490A9F10409C9F8008052
:10A12000D1F8048008F48038B8F5803F0ED1DFF80C
:10A130006C80A8F10808D8F8008048EA0008DFF829
:10A140005C90A9F10809C9F800800DE0DFF84C80A7
:10A15000A8F10808D8F8008028EA0008DFF83C9049
:10A16000A9F10809C9F80080521CD1F8008028FA2A
:10A1700002F8B8F1000F7FF489AEBDE8F88700005F
:10A18000000011100010024000080140000C0140C6
:10A190000010014000140140080001400804014083
:10A1A000024693680B400BB1012000E0002070478D
:10A1B0000AB1016101E00B040361704701480068C6
:10A1C000704700000400002001480068704700004C
:10A1D000E8F7FF1F0348006803490978084401496C
:10A1E00008607047040000200C00002010B50848EB
:10A1F000006840F0100006490860032000F0CAF82B
:10A200000F2000F007F800F02BF8002010BD000030
:10A210000020024070B504460E4800784FF47A7171
:10A22000B1FBF0F00C490968B1FBF0F5284600F0ED
:10A23000A1FE08B1012070BD102C07D200222146DA
:10A24000501E00F069F80548046001E00120F2E7C3
:10A250000020F0E70C000020100000200800002083
:10A2600008B500BF1148806940F001000F498861BE
:10A270000846806900F00100009000BF00BF00BFE9
:10A280000846C06940F08050C8610846C06900F0C7
:10A290008050009000BF00BF00BF0549486820F013
:10A2A000E06040F00070486000BF08BD0010024050
:10A2B0000000014010B501460846002817DB00F0F9
:10A2C0001F0301229A400B4B440943F8242000BF8E
:10A2D00000BF00BFBFF34F8F00BF00BF00BF00BF74
:10A2E00000BF00BFBFF36F8F00BF00BF00BF00BF44
:10A2F00010BD000080E100E001460846002809DBAF
:10A3000000F01F0301229A4043099B0003F1E02360
:10A31000C3F8002100BF70472DE9F05F80460D466D
:10A320001646002703F098F9074639462A46334671
:10A3300001F00700C0F1070ABAF1040F02D94FF08B
:10A34000040A01E0C0F1070AD14600F1040ABAF19B
:10A35000070F02D24FF0000A01E0A0F1030AD44631
:10A360004FF0010A0AFA09FAAAF1010A0AEA020AF6
:10A370000AFA0CFA4FF0010B0BFA0CFBABF1010BD4
:10A380000BEA030B4AEA0B042146404603F06CF942
:10A39000BDE8F09F00BF00F00702064B19684FF6BA
:10A3A000FF031940044B0B4343EA0221014B1960A0
:10A3B00000BF70470CED00E00000FA0501200149E4
:10A3C0000862704700000E422DE9F843044600265B
:10A3D00000250027207800F0010000286ED0A84654
:10A3E0007948C06900F0805078B900BF7648C069EC
:10A3F00040F080507449C8610846C06900F0805040
:10A40000009000BF00BF4FF001087048006800F4E2
:10A410008070B8B96D48006840F480706B4908607E
:10A42000FFF7CCFE064607E0FFF7C8FE801B642856
:10A4300002D90320BDE8F8836448006800F4807006
:10A440000028F1D06048006A00F440752DB3A08860
:10A4500000F44070A84220D05B48006A20F44075A8
:10A4600001205B490860002008605748056205F03C
:10A47000010090B1FFF7A2FE064608E0FFF79EFE3E
:10A48000801B41F28831884201D90320D2E74E482F
:10A49000006A00F002000028F0D04B48006A20F467
:10A4A00040706168084348490862B8F1010F04D15F
:10A4B0000846C06920F08050C86100BF207800F0D5
:10A4C0000200022807D14048406820F44040A168BB
:10A4D00008433D494860207800F00400042807D173
:10A4E0003948C06A20F40030E16808433649C86240
:10A4F000207800F00800082807D13348C06A20F40B
:10A500008020216908433049C8622F48C06A00F49E
:10A51000003020B92C48C06A00F4802000B1012727
:10A52000012F41D12848006800F0805090BB264898
:10A53000006800F0806040B12348C06A00F0F0017C
:10A54000A069814201D0012074E71F48C06A20F051
:10A55000F000A16908431C49C8620846C06A20F49B
:10A560007040616908431849C862012019490867A9
:10A57000FFF724FE064606E0FFF720FE801B642856
:10A5800001D9032056E71048006800F00050002869
:10A59000F2D009E0FFE70C48C06A00F4704061693E
:10A5A000884201D0012045E7207800F010001028F3
:10A5B00007D10548406820F48000E169084302495A
:10A5C0004860002036E700000010024000700040A4
:10A5D000400442420000424270B504460D460CB9A8
:10A5E000012070BD5A48006800F00700A8420ED252
:10A5F0005748006820F0070028435549086008467E
:10A60000006800F00700A84201D00120E9E72078A7
:10A6100000F0020002281DD1207800F00400042878
:10A6200005D14C48406840F4E0604A4948602078D1
:10A6300000F00800082805D14648406840F4605002
:10A64000444948604348406820F0F000A16808434E
:10A6500040494860207800F0010078B36068012824
:10A6600006D13C48006800F4003090B90120B8E7FA
:10A670006068022806D13748006800F0007040B9D1
:10A680000120AEE73348006800F0020008B901205D
:10A69000A7E73048406820F00300616808432D496F
:10A6A0004860FFF78BFD064609E0FFF787FD801B3A
:10A6B00041F28831884202D9032092E707E0254819
:10A6C000406800F00C006168B0EB810FEDD12048CC
:10A6D000006800F00700A8420ED91D48006820F06D
:10A6E000070028431A4908600846006800F0070080
:10A6F000A84201D0012074E7207800F0040004286B
:10A7000007D11448406820F4E060E168084311492B
:10A710004860207800F00800082808D10D484068FB
:10A7200020F46050216940EAC1000A49486000F005
:10A73000F7F808494968C1F30311074A515CC8405A
:10A740000649086006480068FFF764FD002048E7F6
:10A75000002002400010024094FC0008100000207D
:10A760000800002010B5FFF729FD04465548006891
:10A7700040F001005349086006E0FFF71FFD001B91
:10A78000022801D9032010BD4E48006800F00200E5
:10A790000028F2D04B48006820F0F80040F080001C
:10A7A00048490860FFF70AFD044600204549486013
:10A7B00008E0FFF703FD001B41F28831884201D910
:10A7C0000320E0E73F48406800F00C000028F0D18B
:10A7D0003D483E4908603E480068FFF71BFD08B150
:10A7E0000120D0E7FFF7EAFC04463648006820F075
:10A7F00080703449086006E0FFF7E0FC001B022887
:10A8000001D90320BFE72F48006800F0007000283E
:10A81000F2D12C494860FFF7D1FC04462948006872
:10A8200020F410202749086006E0FFF7C7FC001B52
:10A83000642801D90320A6E72248006800F400300C
:10A840000028F2D11F48006820F480201D490860CC
:10A85000FFF7B4FC04461B48006820F080601949EB
:10A86000086006E0FFF7AAFC001B642801D903205A
:10A8700089E71448006800F000600028F2D1FFF773
:10A880009DFC04460F48006820F080500D49086088
:10A8900006E0FFF793FC001B642801D9032072E750
:10A8A0000848006800F000500028F2D10549C8624D
:10A8B0000846406A40F0807048620020886000BF0F
:10A8C00061E700000010024000127A001000002032
:10A8D00008000020014800687047000010000020B8
:10A8E00000B5FFF7F7FF04494968C1F30221034AA5
:10A8F000515CC84000BD000000100240A4FC0008EC
:10A9000000B5FFF7E7FF04494968C1F3C221034AD4
:10A91000515CC84000BD000000100240A4FC0008CB
:10A920002DE9FE4F4FF00009CB46CA460024002017
:10A930000290019000902F48D0F8049009F00C008C
:10A9400000284FD0042802D008284AD102E02A4823
:10A9500002904AE02948C9F38341445C09F48030FD
:10A96000C0B32448C06A00F00F00254911F800B0B8
:10A970002048C06A00F4803008B31E48C06AC0F3A3
:10A980000310401C01901B48C06AC0F30320801CC8
:10A9900000900198A0FB0B50064617490098A1FBB8
:10A9A00000120023A1FB047C02FB04C201FB032173
:10A9B0002A4633463846F9F777FC824603E00E48CC
:10A9C0006043B0FBFBFA0D48407BA04206D14FEA42
:10A9D0005A0A03E0FFE70B4804FB00FACDF808A091
:10A9E00003E000BF0448029000BF00BF0298BDE82A
:10A9F000FE8F00000010024000127A0076FC000872
:10AA000084FC000800093D00F8B504460CB901209B
:10AA1000F8BD207800F00100002878D0FD4840689B
:10AA200000F00C0004280CD0FA48406800F00C003C
:10AA3000082811D1F748406800F48030B0F5803F15
:10AA40000AD1F448006800F4003000285FD0A06804
:10AA500000285CD10120DBE700BFA068B0F5803F93
:10AA600006D1EC48006840F48030EA49086028E0EC
:10AA7000A06858B9E748006820F48030E5490860CC
:10AA80000846006820F4802008601AE0A068B0F54D
:10AA9000A02F0BD1DF48006840F48020DD4908601A
:10AAA0000846006840F4803008600AE0D948006831
:10AAB00020F48030D74908600846006820F48020E0
:10AAC000086000BFA06888B1FFF778FB054606E084
:10AAD000FFF774FB401B642801D9032098E7CD4899
:10AAE000006800F400300028F2D010E0FFF766FBA9
:10AAF000054606E0FFF762FB401B642801D90320EE
:10AB000086E7C448006800F400300028F2D12078BD
:10AB100000F00200022857D1BE48406800F00C0047
:10AB200050B1BC48406800F00C00082818D1B94862
:10AB3000406800F4803098B9B648006800F0020020
:10AB400020B16069012801D0012061E7B1480068A7
:10AB500020F0F800A16940EAC100AE49086033E086
:10AB60006069E8B10120AC490860FFF727FB0546A2
:10AB700006E0FFF723FB401B022801D9032047E72B
:10AB8000A448006800F002000028F2D0A148006844
:10AB900020F0F800A16940EAC1009E49086013E076
:10ABA00000209D490860FFF709FB054606E0FFF716
:10ABB00005FB401B022801D9032029E795480068BE
:10ABC00000F002000028F2D1207800F008000828E8
:10ABD0002DD1E069B8B1012090490860FFF7EEFA85
:10ABE000054606E0FFF7EAFA401B022801D90320D8
:10ABF0000EE78848406A00F002000028F2D00120E9
:10AC000002F076F813E0002084490860FFF7D6FAD6
:10AC1000054606E0FFF7D2FA401B022801D90320BF
:10AC2000F6E67C48406A00F002000028F2D1207865
:10AC300000F00400042873D100277648C06900F0B2
:10AC4000805070B900BF7348C06940F080507149AE
:10AC5000C8610846C06900F08050009000BF00BF86
:10AC600001276F48006800F48070B0B96C48006834
:10AC700040F480706A490860FFF7A0FA054606E0D4
:10AC8000FFF79CFA401B642801D90320C0E6644802
:10AC9000006800F480700028F2D000BF206901280D
:10ACA00006D15C48006A40F001005A49086227E07A
:10ACB000206958B95748006A20F0010055490862D8
:10ACC0000846006A20F00400086219E0206905289F
:10ACD0000BD15048006A40F004004E490862084613
:10ACE000006A40F0010008620AE04A48006A20F069
:10ACF0000100484908620846006A20F00400086222
:10AD000000BF2069A0B1FFF759FA054609E0FFF737
:10AD100055FA401B41F28831884202D9032077E678
:10AD200022E03C48006A00F002000028EFD012E068
:10AD3000FFF744FA054608E0FFF740FA401B41F2EE
:10AD40008831884201D9032062E63248006A00F067
:10AD500002000028F0D1012F05D12E48C06920F053
:10AD600080502C49C86100BFE06AA0B32948406800
:10AD700000F48030B0F5803F0ED12648406800F0E6
:10AD80000C00082808D12348C06A00F48030B0F5D0
:10AD9000803F01D101203BE6E06A022850D11D48E6
:10ADA000006800F0805040B11A48C06A00F0F0011D
:10ADB000606B814201D001202AE600201649886696
:10ADC000FFF7FCF9054607E0FFF7F8F9401B642898
:10ADD00002D903201CE64DE00E48006800F0006038
:10ADE0000028F1D10B48C06A20F0F000616B0843E5
:10ADF0000849C8620846C06A20F47060216B0843A5
:10AE00000449C862012004498866FFF7D7F905465E
:10AE10000FE0000000100240000042428004424265
:10AE200000700040FFF7CAF9401B642801D90320D5
:10AE3000EEE54E48006800F000600028F2D019E00E
:10AE40004A48C06A20F480304849C8620020484916
:10AE50008866FFF7B3F9054606E0FFF7AFF9401B38
:10AE6000642801D90320D3E54048006800F0006061
:10AE70000028F2D1206AE0B33C48406800F00C00A2
:10AE800008285ED0206A022846D10020384908668A
:10AE9000FFF794F9054606E0FFF790F9401B0228FA
:10AEA00001D90320B4E53148006800F000700028A3
:10AEB000F2D1606AB0F5803F0DD12C48C06A61685C
:10AEC00008432A49C8620846C06A20F00F00E168BA
:10AED00008432649C862D4E909010843234949685F
:10AEE00021F4741108432149486001202049086673
:10AEF00000E038E0FFF762F9054606E0FFF75EF98B
:10AF0000401B022801D9032082E51848006800F0A0
:10AF100000700028F2D026E0002015490866FFF7EF
:10AF20004DF9054606E0FFF749F9401B022801D913
:10AF300003206DE50D48006800F000700028F2D194
:10AF400011E0206A012800D162E50848466806F44D
:10AF50008031606A814204D106F47011A06A814296
:10AF600001D0012054E5002052E50000001002400D
:10AF70000000424270B504462546681EB0F1807F4D
:10AF800001D301200FE0681E4FF0E02148610F213E
:10AF90004FF0FF3002F068FB00204FF0E0218861A5
:10AFA00007200861002070BD7047704730B5024629
:10AFB0000B4600BF92F83C00012801D1022030BDB1
:10AFC000012082F83C0000BF022082F83D0010689A
:10AFD00044681068816824F070041868044310689D
:10AFE0004460124D1068A8420FD01068B0F1804F35
:10AFF0000BD00F4D1068A84207D00E4D1068A84224
:10B0000003D00D4D1068A84205D121F08001586889
:10B01000014310688160012082F83D0000BF0020DC
:10B0200082F83C0000BF00BFC9E70000002C0140CF
:10B030000004004000080040000C004010B5044629
:10B04000022084F83D0000BF2068006A41F211111F
:10B05000084050B92068006A8910084028B9206863
:10B06000006820F001002168086000BF204600F061
:10B0700055F8002084F8460000BF84F83E00002107
:10B080003F200155402001554120015500BF00BF20
:10B09000002084F8420043200155442001554520FA
:10B0A000015500BF002084F83D0000BF84F83C003B
:10B0B00000BF10BD10B504460CB9012010BD94F8B6
:10B0C0003D0028B9002084F83C00204600F03AF802
:10B0D000022084F83D00211D206801F0CBFE0120F4
:10B0E00084F8460000BF84F83E0001213F2001554E
:10B0F000402001554120015500BF00BF012084F8C8
:10B10000420043200155442001554520015500BF10
:10B11000012084F83D000020D0E7000010B504466F
:10B1200006492068884208D10548806920F40060FB
:10B13000034988611920FFF7BDF810BD002C0140BC
:10B140000010024038B504460D492068884215D1E8
:10B1500000BF0C48806940F400600A4988610846D5
:10B16000806900F40060009000BF00BF002211461B
:10B170001920FFF7D1F81920FFF7BEF838BD0000FD
:10B18000002C014000100240014691F83D000128CA
:10B1900001D001207047022081F83D000868C06896
:10B1A00040F001000B68D860144B086898420FD03B
:10B1B0000868B0F1804F0BD0114B0868984207D057
:10B1C000104B0868984203D00F4B086898420CD186
:10B1D0000868806800F00702062A0CD0086800683A
:10B1E00040F001000B68186005E00868006840F056
:10B1F00001000B6818600020CCE70000002C014023
:10B200000004004000080040000C00402DE9F0411F
:10B2100004460D46002700BF94F83C00012802D1E7
:10B220000220BDE8F081012084F83C0000BF02202C
:10B2300084F83D002068866826F0770626F47F466D
:10B24000206886602868502833D00CDC202850D035
:10B2500004DC00284BD0102851D149E0302849D0D7
:10B2600040284CD139E060282DD0702807D0B0F5A7
:10B27000805F03D0B0F5005F41D10DE041E0D5E93A
:10B2800002136A68206801F03FFE2068866846F075
:10B2900077062068866034E0D5E902136A68206882
:10B2A00001F032FE2068806840F4804021688860A8
:10B2B00027E0EA686968206801F03AFE50212068BA
:10B2C00001F02DFE1DE0EA686968206801F043FE88
:10B2D0006021206801F023FE13E0EA6869682068B5
:10B2E00001F026FE4021206801F019FE09E000BFB0
:10B2F00000BF00BF2968206801F011FE01E00127AE
:10B3000000BF00BF012084F83D0000BF002084F88A
:10B310003C0000BF384684E7704770B5044620689B
:10B32000C5682068066906F00200022819D105F0F8
:10B330000200022815D1401F2168086101202077F2
:10B340002068806900F0030018B12046FFF7E4FF91
:10B3500005E0204600F097F8204600F095F8002020
:10B36000207706F00400042819D105F00400042811
:10B3700015D1C043216808610220207720688069C8
:10B3800000F4407018B12046FFF7C6FF05E02046E4
:10B3900000F079F8204600F077F80020207706F0DA
:10B3A0000800082819D105F00800082815D1C04365
:10B3B00021680861042020772068C06900F003003C
:10B3C00018B12046FFF7A8FF05E0204600F05BF823
:10B3D000204600F059F80020207706F010001028D1
:10B3E00019D105F01000102815D1C043216808615B
:10B3F000082020772068C06900F4407018B120460A
:10B40000FFF78AFF05E0204600F03DF8204600F0F7
:10B410003BF80020207706F0010048B105F001005C
:10B4200030B16FF0010021680861204600F02DF86E
:10B4300006F08000802809D105F08000802805D121
:10B44000C043216808612046FFF7AEFD06F04000CA
:10B45000402809D105F04000402805D1C0432168AB
:10B460000861204600F012F806F02000202809D1DB
:10B4700005F02000202805D1C0432168086120463E
:10B48000FFF793FD70BD7047704770477047F8B580
:10B4900004460E46174694F8420020282ED106B1E5
:10B4A0000FB90120F8BD01202063002060633A46F7
:10B4B0003146204602F014F80546EDB9206B01280C
:10B4C00019D100BF0020009020680068009020681B
:10B4D0004068009000BF00BF00BF00BF21680C3172
:10B4E00051E8001F41F0100021680C3141E80002D2
:10B4F000002AF3D100E001252846D3E70220D1E756
:10B50000704770477047704770B504460025206843
:10B510004069C0F3C01594F84100212817D1B5B196
:10B5200000BF00BF2168143151E8001F21F08000E6
:10B530002168143141E80002002AF3D100BFA06B5A
:10B5400010B1A06BFDF7CEFF204601F02FFE206862
:10B550004069C0F3801594F84200222817D1B5B194
:10B5600000BF00BF2168143151E8001F21F04000E6
:10B570002168143141E80002002AF3D100BFE06BDA
:10B5800010B1E06BFDF7AEFF204601F0C9FD0020D1
:10B5900070BD000010B504460CB9012010BD242078
:10B5A00084F841002068C06820F400502168C86019
:10B5B000606F08B9094860672046616F88470020BE
:10B5C000606484F8410084F842002063606300BF37
:10B5D00084F8400000BF00BFE0E7000051B9000858
:10B5E000704700002DE9F84F044620680568206880
:10B5F000C668206847694FF00009CA4605F00F0980
:10B60000B9F1000F0AD105F0200038B106F0200092
:10B6100020B1204601F004FEBDE8F88FB9F1000F1B
:10B620007BD007F0010018B906F49070002874D0A0
:10B6300005F0010030B106F4807018B1606C40F084
:10B640000100606405F0040030B107F0010018B19A
:10B65000606C40F00200606405F0020030B107F059
:10B66000010018B1606C40F00400606405F008004F
:10B6700048B106F0200010B907F0010018B1606C65
:10B6800040F008006064606C002845D005F02000A0
:10B6900028B106F0200010B1204601F0C1FD20685D
:10B6A0004069C0F3801A606C00F0080010B9BAF16C
:10B6B000000F2CD0204601F033FD2068406900F0D7
:10B6C000400000B300BF00BF2168143151E8001FE3
:10B6D00021F040002168143141E80002002AF3D132
:10B6E00000BFE06B50B17748E16B4863E06BFDF75A
:10B6F00025FF88B1E06B416B88470DE02046A16DC6
:10B70000884709E009E02046A16D884704E020460B
:10B71000A16D8847002060647EE7206B012877D107
:10B7200005F01000002873D006F010000028FAD0B1
:10B7300000BF0020009020680068009020684068EA
:10B74000009000BF00BF2068406900F04000002862
:10B750005FD0E06B006840681FFA80F8B8F1000F16
:10B7600055D0A08D404552DDA4F82E80E06B806955
:10B77000202843D000BF00BF21680C3151E8001FD2
:10B7800021F4807021680C3141E80002002AF3D1D5
:10B7900000BF00BF00BF2168143151E8001F21F035
:10B7A00001002168143141E80002002AF3D100BFF2
:10B7B00000BF00BF2168143151E8001F21F0400094
:10B7C0002168143141E80002002AF3D100BF202093
:10B7D00084F842000020206300BF00BF21680C31C4
:10B7E00051E8001F21F0100021680C3141E80002EF
:10B7F000002AF3D100BFE06BFDF774FE0220606306
:10B80000A08DE38DC01A81B22046E26E904703E717
:10B8100042E0A08DE18D401A1FFA80F8E08DD0B390
:10B82000B8F1000F37D000BF00BF21680C3151E8DC
:10B83000001F21F4907021680C3141E80002002AB9
:10B84000F3D100BF00BF00BF2168143151E8001FD1
:10B8500021F001002168143141E80002002AF3D1EF
:10B8600000BF202084F842000020206300BF00BFFA
:10B8700021680C3151E8001F21F0100021680C31C3
:10B8800041E80002002AF3D100BF02206063414674
:10B890002046E26E9047BFE605F0800030B106F02A
:10B8A000800018B1204601F03BFEB5E605F04000EF
:10B8B00030B106F0400018B1204601F067FCABE65D
:10B8C00000BFA9E6E5CF000810B504460CB9012079
:10B8D00010BDA06900B100E000BF94F8410060B95C
:10B8E000002084F84000204601F074FC206F08B965
:10B8F000164820672046216F8847242084F841009D
:10B900002068C06820F400502168C860204601F01B
:10B9100005FD2068006920F49040216808612068D6
:10B92000406920F02A00216848612068C06840F41E
:10B9300000502168C86000206064202084F8410025
:10B9400084F842000020606300BFC1E7E9B9000845
:10B9500010B504461D492068884211D11C48C069B1
:10B9600020F400201A49C8614FF440611948FEF7DD
:10B97000EDF9E06BFDF7B6FE3420FEF79BFC24E00A
:10B980001549206888420ED11148806920F4804012
:10B990000F4988614FF4C0611048FEF7D7F92520A0
:10B9A000FEF788FC11E00E49206888420DD1084856
:10B9B000C06920F480200649C8614FF440610948FD
:10B9C000FEF7C4F92720FEF775FC10BD004C0040BF
:10B9D0000010024000100140003801400008014002
:10B9E00000480040000C014010B586B0044600201D
:10B9F00002900390049005906A492068884258D1CB
:10BA000000BF6948C06940F400206749C861084622
:10BA1000C06900F40020019000BF00BF00BF0846CD
:10BA2000806940F0100088610846806900F01000CD
:10BA3000019000BF00BF0815029002200390032070
:10BA4000059002A95948FEF71BFA4FF400600290D6
:10BA500000200390049002A95448FEF711FA5448BC
:10BA600054490860002048600021524881608021CC
:10BA7000C1600021016141618161C161FEF744F84B
:10BA800008B1FBF71DFB00BF4A48E063446200BFFA
:10BA9000002211463420FEF73FFC3420FEF72CFC38
:10BAA00045480068C06840F0100043490968C86014
:10BAB00076E042492068884237D100BF3A48806921
:10BAC00040F48040384988610846806900F480402D
:10BAD000019000BF00BF00BF0846806940F004002D
:10BAE00088610846806900F00400019000BF00BF33
:10BAF00048150290022003900320059002A93048C7
:10BB0000FEF7BEF94FF4806002900020039004908D
:10BB100002A92B48FEF7B4F9002211462520FEF7B2
:10BB2000FBFB2520FEF7E8FB3AE026492068884227
:10BB300036D100BF1C48C06940F480201A49C86152
:10BB40000846C06900F48020019000BF00BF00BF1C
:10BB50000846806940F0080088610846806900F066
:10BB60000800019000BF00BF08150290022003905A
:10BB70000320059002A91448FEF782F94FF40060F3
:10BB8000029000200390049002A90F48FEF778F974
:10BB9000002211462720FEF7BFFB2720FEF7ACFB53
:10BBA00006B010BD004C00400010024000100140E3
:10BBB000300402400C040020A402002000380140A0
:10BBC0000008014000480040000C014070B50446E8
:10BBD0000D46164694F8420020280BD105B10EB947
:10BBE000012070BD0020206332462946204601F026
:10BBF00013FCF6E70220F4E70246002329B9506C53
:10BC000040F0200050640120704700BF92F84000CF
:10BC1000012801D10220F7E7012082F8400000BF8F
:10BC200092F84100202801D1D16604E0506C40F028
:10BC300020005064012300BF002082F8400000BFB4
:10BC40001846E1E7704770472DE9F84F04460E4665
:10BC5000174699464FF0000A94F84100202850D129
:10BC600006B117B90120BDE8F88F002060642120DB
:10BC700084F84100FEF7A2FA8246A784E784A06810
:10BC8000B0F5805F04D1206910B90025B04602E00C
:10BC900035464FF000081EE0534600228021204622
:10BCA000CDF8009001F06CFC20B1202084F8410018
:10BCB0000320D8E745B9B8F80000C0F308002168B0
:10BCC000486008F1020803E02878216848606D1C8C
:10BCD000E08C401EE084E08C0028DDD15346002239
:10BCE00040212046CDF8009001F04AFC20B12020F0
:10BCF00084F841000320B6E7202084F841000020AA
:10BD0000B1E70220AFE770477047000010B5054962
:10BD10000548FFF771FF322204490348FFF7B7FBDC
:10BD200010BD0000ADCF00081C030020C41300208C
:10BD300010B5044641F2883221A123A000F084F816
:10BD4000012802D04FF0FF3010BD41F288321CA113
:10BD50001FA000F079F8012802D06FF00200F3E78D
:10BD6000ACB941F2883216A11CA000F06DF8012890
:10BD700002D06FF00100E7E741F2883210A11EA067
:10BD800000F062F8012818D06FF00300DCE741F200
:10BD900088320BA11DA000F057F8012802D06FF0E7
:10BDA0000100D1E741F2883205A11DA000F04CF856
:10BDB000012802D06FF00300C6E70020C4E70000AE
:10BDC0004F4B0D0A0000000041540D0A0000000016
:10BDD00041542B524F4C453D300D0A0041542B4EDF
:10BDE000414D453D426C6164652048616C6F204D5A
:10BDF0006F746F720D0A000041542B554152543D2F
:10BE000033383430302C302C300D0A0041542B4E56
:10BE1000414D453D424F4F545F4D4F44450D0A0043
:10BE200041542B554152543D3131353230302C3054
:10BE30002C320D0A0000000010B5024802F086F90D
:10BE400010BD0000C41300202DE9F04104460E4649
:10BE500015462046F8F786FC1FFA80F84FF47A73EF
:10BE6000424621460E48FFF7EFFEFEF7A7F90746C8
:10BE70000EE00120FDF7DCFE31460A48F8F760FCD1
:10BE800030B132210748F8F756FD0120BDE8F081B6
:10BE9000FEF794F9C01BA842EBD34FF0FF30F5E753
:10BEA0001C030020C413002070B504462046F8F798
:10BEB00059FCB0F5007F0BD22046F8F753FC85B251
:10BEC0004FF47A732A4621460848FFF7BDFE0CE07E
:10BED00007A52846F8F746FC86B24FF47A73324637
:10BEE00029460248FFF7B0FE00BF70BD1C030020CA
:10BEF0006672616D6520746F6F206C617267652179
:10BF000020496E637265617365206275666665724D
:10BF10002073697A652E0D0A0000000000BFFEE75D
:10BF2000FEF720FC4FF6FF711E48FDF70FFF4FF69E
:10BF3000FF711D48FDF70AFF4FF6FF711B48FDF723
:10BF400005FF4FF6FF711A48FDF700FF4FF6FF712E
:10BF50001848FDF7FBFE1848FFF71CFB1748FFF7D2
:10BF600019FB1748FFF716FB1648FCF755FC164857
:10BF7000FCF752FC1548FFF761F81548FCF750F83C
:10BF800000204FF0E02108614861886172B61148D5
:10BF900045682C460146086880F3088800BFA04722
:10BFA00000BFFEE700080140000C01400010014006
:10BFB00000140140001801401C03002094030020DD
:10BFC000A40200200C020020340200205C020020A9
:10BFD000DC01002000B0FF1F70B505460E46062D9F
:10BFE00001DB0C2D00DD70BDA81FC4B204EB840082
:10BFF000134901EB80008078C8B9012004EB84016B
:10C000000F4A02EB8101887004EB840102EB81018D
:10C010000874FEF7D3F804EB8401094A02EB8101AE
:10C02000C860002004EB840102EB8101886004EB0E
:10C030008400034901EB8000466000BFD3E70000A5
:10C04000F81500202DE9FF4F89B014461D46DDE9A3
:10C05000177A4FF000080A9808B1169810B90DB079
:10C06000BDE8F08F1698082801D9082016901A9874
:10C07000B0B100200EE00A220999B1FBF2F302FBF5
:10C08000131107AA11540A220999B1FBF2F109917F
:10C09000411C48B216998842EDDBDDF8588014E067
:10C0A000099800BF0A21B0FBF1F201FB12034146DF
:10C0B0004A1C02F0FF0807AA53540A21B0FBF1F012
:10C0C00010B116998845EDDB00BFAC4201DC0120C0
:10C0D00000E000200690069848B1A54204DB281B2A
:10C0E000401CC0B205900BE00020059008E0AC4277
:10C0F00004DB601B801CC0B2059001E000200590AD
:10C1000005984FEA5009B9F1000F09D1BAF1000FB3
:10C1100005D0FF2F03D05146384602F071FE9EE74E
:10C12000C84500DDC8460698B0B104EB4900401E82
:10C13000C0B204900498A84200DD0495A34607E02D
:10C140000021584602F05CFE0BF1010000F0FF0BED
:10C1500004988345F4DD1BE0A4EB4900401CC0B209
:10C1600004900498A84200DA0495A3460BE000214D
:10C17000584602F045FEBBF1000F00D106E0ABF1DE
:10C18000010000F0FF0B04988345F0DA00BF00BF08
:10C19000002655E0A8F10100801BC0B2049007A959
:10C1A0000498085C039007A8815D0A98405C00F041
:10C1B0000F00029007A8815D0A98405C0009019079
:10C1C000199830B11998864203D1019840F00800BF
:10C1D0000190069858B104EB460000F0FF0B0BF1FC
:10C1E0000100C0B200900098A8420BDD2AE0A4EB49
:10C1F000460000F0FF0B0BF10100C0B20090AB4510
:10C2000000DA1FE0BAF1000F07D00098874204D18E
:10C21000019840EA0A00019008E0BAF1000F05D049
:10C220005F4503D1029840EA0A00029058460299FD
:10C2300002F0E6FDDDE9000102F0E2FD701CC6B28D
:10C240004645A7DB00BFBAF1000F29D0FF2F27D04A
:10C2500000200490069868B1A34604EB4800401EF5
:10C26000C0B203905F4502DB0398874211DD0120D5
:10C2700004900EE0A4EB4800401C00F0FF0B601C93
:10C28000C0B203905F4502DB0398874201DD0120C5
:10C290000490049818B15146384602F0B1FD00BF31
:10C2A00000BFDCE670B5FDF789FF054600240020DD
:10C2B0006CE000EB80013B4A02EB81018978E9B335
:10C2C00000EB800102EB8101C968691AB1F5FA7FC0
:10C2D0004ED300EB800102EB8101CD6000EB8001C9
:10C2E00002EB8101097C09B9012100E0002100EB8A
:10C2F00080022C4B03EB8202117400EB80011A4682
:10C3000002EB81018968491C00EB800203EB820289
:10C31000916000EB80011A4602EB8101496839B354
:10C3200000EB800102EB81018A6800EB800103EBE6
:10C3300081014968B2EB410F1AD300E00CE0002103
:10C3400000EB800203EB82029170012100EB80027E
:10C3500003EB820211740BE000EB8001114A02EB47
:10C360008101497800EB80020E4B03EB82021174CD
:10C3700000EB80010B4A02EB8101097C21B100EB4B
:10C38000800112F821100C43411CC8B2072890DB31
:10C3900004F00F01042002F033FD2109052002F012
:10C3A0002FFD70BDF81500200CB518A103C9CDE90B
:10C3B0000001002027E01DF8001000EB8002154B63
:10C3C00003F82210002100EB800203EB820251707F
:10C3D00000EB800203EB8202917000EB800203EB22
:10C3E0008202516000EB800203EB8202916000EB5D
:10C3F000800203EB8202D16000EB800203EB820239
:10C400001174411CC8B20728D5DB0CBD0102040819
:10C4100010204000F815002070B50546062D01DB00
:10C420000C2D00DD70BDA81FC4B2002004EB8401F8
:10C430000D4A02EB8101487004EB840102EB81019B
:10C44000887004EB840102EB8101486004EB8401F5
:10C4500002EB8101087404EB840102EB8101886026
:10C4600000F07CF900BFDDE7F815002070B5044648
:10C470000E46062C01DB0C2C00DD70BDA01FC5B2E2
:10C4800005EB85000A4901EB80004670002005EBB2
:10C490008501074A02EB8101887005EB8500114692
:10C4A00001EB8000067400F059F900BFE5E70000D9
:10C4B000F815002070B504460025002614B90B2598
:10C4C000052610E0012C02D1062507260BE0022CE0
:10C4D00002D10D25052606E0032C02D10F250226E8
:10C4E00001E0002500262946002002F089FC3146A3
:10C4F000012002F085FC70BD70B5044600250026C1
:10C5000014B90A25072606E0012C02D10C250726BE
:10C5100001E0002500262946022002F071FC314688
:10C52000032002F06DFC70BD70B5044600250026A6
:10C53000642C00D96424142C02D80125002610E0B4
:10C54000232C02D8032500260BE0322C02D8072525
:10C55000002606E0502C02D80F25002601E00F250A
:10C5600001262946222002F04BFC3146232002F00E
:10C5700047FC70BD70B5064614461D460A2E33D2E0
:10C58000DFE806F005090D11161B20252A2EE0B262
:10C5900000F056F829E0A0B200F0C8F825E0E0B2BB
:10C5A000FFF7C2FF21E0E1B2012000F05FF81CE0DC
:10C5B000E1B2002000F05AF817E0A1B2012000F02B
:10C5C00017F812E0A1B2002000F012F80DE02046AA
:10C5D000294600F07BF808E0E0B2FFF76BFF04E0CB
:10C5E000E0B2FFF789FF00E000BF00BF70BD0000B0
:10C5F00030B585B005460C467DB1002008220D23DC
:10C60000CDE9022001930490042006230C220B495B
:10C6100000902046FFF716FD0DE000200822CDE92E
:10C62000010203900490042006230C220349009089
:10C630002046FFF707FD05B030BD00009400002044
:10C6400010B586B00446002008221D23CDE9022043
:10C6500001930490022021231E22034900902046CA
:10C66000FFF7F0FC06B010BD8A00002030B585B0A1
:10C6700005460C467DB1002008220F23CDE902209B
:10C6800001930490032013230E220F4900902046AB
:10C69000FFF7D8FC15E00B21122002F0B1FB0521B9
:10C6A000132002F0ADFB0120002101910291CDE9A0
:10C6B0000310022011230E22034900902046FFF7A9
:10C6C000C1FC05B030BD00008A00002030B58BB041
:10C6D00004460D4622462B4606A801F067FB0120C2
:10C6E000002108221723CDE90132CDE903100220F1
:10C6F00000909DF81800142316220B49FFF7A2FCA6
:10C700000120002108221B23CDE90132CDE90310CD
:10C71000022000909DF8190018231A220249FFF701
:10C7200091FC0BB030BD00009400002030B585B006
:10C730000446642094FBF0F5002001210190CDE92E
:10C7400002010490032021231C2203490090284663
:10C75000FFF778FC05B030BD8A00002010B500243A
:10C7600000200DE000EB80010B4A02EB8101097C07
:10C7700021B100EB800112F821100C43411CC8B21A
:10C780000728EFDB04F00F01042002F039FB210938
:10C79000052002F035FB10BDF81500200EB5002075
:10C7A000009001900290124812490860002111483F
:10C7B0008160017301754FF46021C16100200D4952
:10C7C000486001210B480161FBF73EFD08B1FAF713
:10C7D00077FC02200090012001900720029069461A
:10C7E0000448FBF75BFB08B1FAF76AFC0EBD0000DA
:10C7F00000240140DC01002010B50E480E490860FD
:10C800000920486000210C488160C1604FF400316C
:10C8100001614FF44011416100210176417681763A
:10C82000C17601774177FCF700FA08B1FAF748FCC6
:10C8300010BD0000006400400C02002010B50E483E
:10C840000E4908600920486000210C488160C160E1
:10C850004FF4C02101614FF4E001416100210176F4
:10C8600041768176C17601774177FCF7DEF908B130
:10C87000FAF726FC10BD00000068004034020020DA
:10C8800008B500BF0A48406940F002000849486105
:10C890000846406900F00200009000BF00BF00227F
:10C8A00011463A20FDF738FD3A20FDF725FD08BD79
:10C8B0000010024000B585B0002001900290039066
:10C8C000049000BF5648806940F0200054498861B8
:10C8D0000846806900F02000009000BF00BF00BF44
:10C8E0000846806940F0100088610846806900F0C1
:10C8F0001000009000BF00BF00BF0846806940F0F4
:10C90000040088610846806900F00400009000BFC0
:10C9100000BF00BF0846806940F0080088610846F3
:10C92000806900F00800009000BF00BF002240F2C4
:10C9300001213C48FDF73CFC01224FF4C0713A480C
:10C94000FDF736FC012241F230013648FDF730FC9C
:10C95000002203213548FDF72BFC01220421344835
:10C96000FDF726FC41F20100019001200290002019
:10C9700003900320049001A92A48FDF781FA0820BA
:10C980000190002002900120039001A92648FDF7A4
:10C9900077FA4FF4C07001900120029003900320B9
:10C9A000049001A92048FDF76BFA4FF40C70019038
:10C9B0000120029003900320049001A91948FDF77B
:10C9C0005FFA03200190012002900390032004905D
:10C9D00001A91648FDF754FA4FF480700190002029
:10C9E00002900120039001A90E48FDF749FA0420A6
:10C9F000019001200290002003900320049001A9DF
:10CA00000B48FDF73DFAE020019000200290012044
:10CA1000039001A90548FDF733FA05B000BD0000F9
:10CA2000001002400010014000080140000C0140CD
:10CA30000014014000B587B00020039004900590D9
:10CA400006900190029015481549086047204860FB
:10CA500000211348816040F2E731C160002101618B
:10CA600041618161FEF726FB08B1FAF729FB4FF41B
:10CA70008050039003A90A48FEF7C8FB08B1FAF7F3
:10CA80001FFB00200190029001A90548FEF78EFAD5
:10CA900008B1FAF715FB07B000BD0000002C0140FB
:10CAA0005C02002010B50B480B4908604FF416508B
:10CAB0004860002108488160C16001610C2141612A
:10CAC00000218161C161FEF7FFFE08B1FAF7F8FAB3
:10CAD00010BD0000004C0040A402002010B50B481F
:10CAE0000B4908604FF416404860002108488160F7
:10CAF000C16001610C21416100218161C161FEF7CA
:10CB0000E3FE08B1FAF7DCFA10BD0000003801407E
:10CB10001C03002010B50B480B4908604FF4165059
:10CB20004860002108488160C16001610C214161B9
:10CB300000218161C161FEF7C7FE08B1FAF7C0FAB2
:10CB400010BD0000004800409403002000BFFEE735
:10CB500010B5094801F0C8FC6420FDF769F80748E2
:10CB600001F0C2FC6420FDF763F8054801F0BCFC4D
:10CB70006420FDF75DF810BDA0000020AC0000208F
:10CB8000B8000020F0B5A1B006460C4600250120F3
:10CB900002E0215C4D40401C215C11B1215C2A293E
:10CBA000F7D12B46224608A101A8F7F707FC01A8F8
:10CBB000F7F7D8FD87B24FF0FF333A4601A9304668
:10CBC000FFF742F821B0F0BD25732A253032580D09
:10CBD0000A0000002DE9F04393B007460C461546C5
:10CBE0001E46DDE91A89B9F1000F01D0012000E0ED
:10CBF0000020B8F1000F01D0012100E000210EB1AA
:10CC0000012200E00022CDE9002102900DB10120B7
:10CC100000E0002003460CB1012000E000200246A5
:10CC200005A103A8F7F7CAFB03A93846FFF7AAFF37
:10CC300013B0BDE8F083000024504D544B3335331E
:10CC40002C25642C25642C25642C25642C2564005B
:10CC500030B5A9B005460C46C4F38020C4F340218A
:10CC6000C4F30022C4F3C013CDE90532CDE90710A7
:10CC7000C4F38010C4F34011C4F30012C4F3C00322
:10CC8000CDE90132CDE90310C4F3800004F00102C4
:10CC9000C4F3400305A1009009A8F7F78FFB09A989
:10CCA0002846FFF76FFF29B030BD000024504D54D7
:10CCB0004B3331342C25642C25642C25642C2564BD
:10CCC0002C25642C25642C25642C25642C302C25E3
:10CCD000642C25642C25642C302C302C302C302CEA
:10CCE000302C302C3000000000BFFEE77047000001
:10CCF00008B508490968C9084FF47A72B1FBF2F126
:10CD00004143009100BF00BF00994A1E00920029D4
:10CD1000F9D108BD1000002008B500BF1E48C06949
:10CD200040F080501C49C8610846C06900F080503E
:10CD3000009000BF00BF00BF0846C06940F000601F
:10CD4000C8610846C06900F00060009000BF00BFE5
:10CD5000FDF734FB4BF207001049086000BF00BF2D
:10CD600000BF00BF00BFBFF34F8F00BF00BF00BFB9
:10CD70000B48006800F4E0600A490843001D0849B8
:10CD8000086000BF00BF00BFBFF34F8F00BF00BFF0
:10CD900000BF00BF00BFFDE700100240046C004070
:10CDA0000CED00E00000FA05704710B5FDF712FA2F
:10CDB00010BD000000B59BB038210DA8F7F7DDFDD0
:10CDC000142108A8F7F7D9FD20216846F7F7D5FD0B
:10CDD00001200D9000040F9000201090012012906F
:10CDE00000200E9002201590C10316914FF4E0111F
:10CDF0001791002018900DA8FDF706FE08B1FAF76C
:10CE00005FF90F2008900220099000200A904FF44B
:10CE100080600B9000200C90022108A8FDF7DCFB3D
:10CE200008B1FAF74DF9022000908003029068469D
:10CE3000FDF7CAFA08B1FAF743F90120014908677A
:10CE40001BB000BD00004242014802490860704723
:10CE50000040000808ED00E010B50548FEF75DFA57
:10CE600001F0A8FEF9F702FF00F08AF810BD0000FB
:10CE70005C02002010B502681F4B98420BD0B0F145
:10CE8000804F08D01D4B984205D01D4B984202D0D0
:10CE90001C4B984203D122F070024B681A43164B88
:10CEA00098420BD0B0F1804F08D0144B984205D077
:10CEB000134B984202D0134B984203D122F4407294
:10CEC000CB681A4322F080034C6943EA04020260F3
:10CED0008B68C3620B688362074B984201D10B6970
:10CEE000036301234361036903F001031BB1036979
:10CEF00023F00103036110BD002C01400004004039
:10CF000000080040000C004030B50C46816821F458
:10CF10007F4142EA032525432943816030BD0A460B
:10CF2000816821F0700142F0070319438160704766
:10CF300030B50B461446026A056A25F00105056204
:10CF4000816921F0F00141EA041122F00A021A433A
:10CF50008161026230BD30B50B461446026A056A33
:10CF600025F010050562816921F4704141EA043120
:10CF700022F0A00242EA03128161026230BD000089
:10CF80000448036840685A1C40F1000001490A60E7
:10CF9000486070476001002010B50348FEF722FB8F
:10CFA0000148FAF753FF10BDA402002070B50546F2
:10CFB0000C46084928680968884209D10648048057
:10CFC000012006490870322205490248FEF75FFA3F
:10CFD00070BD00001C030020880000208700002096
:10CFE000C413002070B505466C6A0020E085E0841B
:10CFF0002046A16D884770BD70B5054600266C6A55
:10D0000020684069C0F3C01694F84100212805D17A
:10D0100026B10020E084204600F0C8F8206840696E
:10D02000C0F3801694F84200222805D126B10020D2
:10D03000E085204600F074F8606C40F010006064F9
:10D040002046A16D884770BD70B505466C6A28689A
:10D05000006800F02000002842D1E08500BF00BF3A
:10D0600021680C3151E8001F21F4807021680C31D7
:10D0700041E80002002AF3D100BF00BF00BF2168D1
:10D08000143151E8001F21F001002168143141E8FA
:10D090000002002AF3D100BF00BF00BF2168143195
:10D0A00051E8001F21F040002168143141E80002DE
:10D0B000002AF3D100BF202084F84200206B012811
:10D0C0000ED100BF00BF21680C3151E8001F21F0D4
:10D0D000100021680C3141E80002002AF3D100BFA2
:10D0E00000206063206B012804D1A18D2046E26EF0
:10D0F000904702E02046616D884770BD70B50546D7
:10D100006C6A01206063206B012805D1A08D410865
:10D110002046E26E904702E02046216D884770BDB0
:10D1200000BF00BF02680C3252E8002F22F4907159
:10D1300002680C3242E80013002BF3D100BF00BF9D
:10D1400000BF0268143252E8002F22F00101026889
:10D15000143242E80013002BF3D100BF016B012908
:10D160000ED100BF00BF02680C3252E8002F22F03F
:10D17000100102680C3242E80013002BF3D100BF0B
:10D18000202180F8421000210163704710B5044649
:10D190002068C06820F040002168C860202084F822
:10D1A00041002046E16C8847002010BD00BF00BF51
:10D1B00002680C3252E8002F22F0C00102680C32E3
:10D1C00042E80013002BF3D100BF202180F841106A
:10D1D00070470000094981640949C1640949016532
:10D1E00009494165094981650949C16509490166DE
:10D1F000094941660949C1667047000009BD000838
:10D2000007BD000847BC000845BC0008E1B50008A0
:10D2100003B5000807B5000805B5000801B500080A
:10D22000F8B5044694F84200222875D1A068B0F5FC
:10D23000805F0CD1206950B90025A66A206840683B
:10D24000C0F308003080A06A801CA06215E0A56AC7
:10D250000026A068B0F5805F03D0A06828B92069D7
:10D2600018B920684068287004E02068406800F021
:10D270007F002870A06A401CA062E08D401E80B232
:10D28000E085002846D12068C06820F02000216891
:10D29000C8602068C06820F480702168C860206879
:10D2A000406920F0010021684861202084F8420094
:10D2B00000206063206B012826D10020206300BF7E
:10D2C00000BF21680C3151E8001F21F010002168D7
:10D2D0000C3141E80002002AF3D100BF2068006849
:10D2E00000F0100010280AD100BF00200090206834
:10D2F0000068009020684068009000BF00BFA18DCA
:10D300002046E26E904702E02046616D884700208B
:10D31000F8BD01E00020FBE70220F9E770B5044604
:10D320002168096921F44051E268114322681161C2
:10D330002269A1681143626941EA02052168C9684E
:10D3400041F20C62914329432268D1602168496906
:10D3500021F44071A2691143226851612D4A21686C
:10D36000914202D1FDF7CCFA01E0FDF7B9FA00EBEA
:10D37000C00101EB001162689200B1FBF2F100EB19
:10D38000C00202EB001263689B00B2FBF3F264235D
:10D39000B2FBF3F202EBC20303EB0212A1EB820138
:10D3A000322202EB01116422B1FBF2F101F0F00133
:10D3B00000EBC00202EB001263689B00B2FBF3F2C9
:10D3C0006423B2FBF3F201EB021200EBC00101EBAC
:10D3D000001163689B00B1FBF3F100EBC00303EBAA
:10D3E00000136668B600B3FBF6F36426B3FBF6F3EE
:10D3F00003EBC30606EB0313A1EB8301322303EB1C
:10D4000001116423B1FBF3F101F00F011144226813
:10D41000916070BD0038014077B581B00446154673
:10D420000298A062A58500206064222084F8420052
:10D430002848E16B88622848E16BC8622748E16BA5
:10D4400008630020E16B486302AE32682368191D4F
:10D450002B46E06BFCF79EFB00BF0020009020688D
:10D460000068009020684068009000BF00BF2069FD
:10D4700070B100BF00BF21680C3151E8001F41F4BA
:10D48000807021680C3141E80002002AF3D100BF0E
:10D4900000BF00BF2168143151E8001F41F00100B6
:10D4A0002168143141E80002002AF3D100BF00BF17
:10D4B00000BF2168143151E8001F41F0400021688D
:10D4C000143141E80002002AF3D100BF002004B06B
:10D4D00070BD000049D00008FDD00008F9CF000859
:10D4E00010B5034699629A85DA8500205864222097
:10D4F00083F84200186928B11868C06840F4807049
:10D500001C68E0601868406940F001001C686061B8
:10D510001868C06840F020001C68E060002010BD62
:10D52000014691F84100212828D18868B0F5805F34
:10D530000BD1086948B90A6A1088C0F308000B6863
:10D540005860086A801C086205E00B6A581C086273
:10D5500018780B685860C88C401E80B2C88458B9CF
:10D560000868C06820F080000B68D8600868C06850
:10D5700040F040000B68D860002070470220FCE7B4
:10D580002DE9F84304460D4617469846089E31E0BB
:10D59000701C70B3FCF712FEA0EB0800B04200D87C
:10D5A00016B90320BDE8F8832068C06800F00400C5
:10D5B000F8B1802D1ED0402D1CD020680068C0F32B
:10D5C000C000B0B100BF002000902068006800904B
:10D5D00020684068009000BF00BF2046FFF7A0FD14
:10D5E0000820606400BF002084F8400000BF0120D4
:10D5F000D8E7FFE7206800682840A84201D1012051
:10D6000000E00020B842C3D00020CBE710B50248AC
:10D61000FDF7E8FF10BD00001C03002010B5024814
:10D62000FDF7E0FF10BD00009403002000BFFEE7FF
:10D63000490050EAC12018BF04204A0D18BF40F02D
:10D64000010040F2FF72B2EB515F08BF40F00200F0
:10D65000012808BF0520704702480068C0F3022077
:10D66000704700000CED00E010B5002804DB0A074D
:10D67000130E054A135406E00A07140E034A00F07D
:10D680000F031B1FD45410BD00E400E018ED00E0B0
:10D6900040F2013200204FF0E04102F0A0BA000059
:10D6A000024A0020110702F09ABA000001FDFFFFB4
:10D6B00010B50446D1E9000100F002F8206010BD69
:10D6C000F8B504460D466A4600F010FE00987E301C
:10D6D000009000281EDC002213462046294601F057
:10D6E00021FC17D0002140F608004FF0000006464C
:10D6F0002046294601F0D0FB044640F6080006EA21
:10D7000000014FF0000034F0004004BF0220F7F7A2
:10D71000D4F929E00098FF2828DB002108464FF0C3
:10D72000000000F44006002213462046294601F07E
:10D73000DFFD8CBF002501250220F7F7BEF94FF071
:10D74000FF4446B1002D0CBF4FF400004FF48000A1
:10D75000B04218BF084C042108464FF00000002DCD
:10D7600004BF84F00040F8BD2046F8BD204629469D
:10D77000BDE8F84001F090BBFFFF7F7F10B5044685
:10D780000A46D4E90003194600F02BFEC4E9000163
:10D7900010BD30380A2801D20120704700207047A0
:10D7A00070B504460D4600261BE0002220210E48DD
:10D7B000FCF7FEFC04F0800028B1012211460B4862
:10D7C000FCF7F6FC04E0002201210848FCF7F0FC1D
:10D7D000012220210448FCF7EBFC6006040E701CBB
:10D7E000C6B2AE42E1DB70BD00100140000C01404A
:10D7F00030B583B00446F7F75BF905460020CDE964
:10D800000000024621466846F7F720FC2846F7F755
:10D8100054F9DDE9000103B030BD000010B54B48FC
:10D8200090F90000401C062822D2DFE800F08C03AB
:10D83000223B5F7846480078D0B901225102454822
:10D84000FCF7B6FC00224FF480714348FCF7B0FCB3
:10D8500001203F4908704FF496714048006801F07C
:10D860009FF93E48006801F09EF901203749087091
:10D870006AE037480078A0B9012211023648FCF767
:10D8800097FC01203249087041F288313348006822
:10D8900001F086F93148006801F085F902202B4932
:10D8A000087051E02A480078F8B92D480078FEF752
:10D8B0003FFA00224FF400712648FCF779FC002261
:10D8C0004FF480712448FCF773FC01202049087054
:10D8D0004FF496712148006801F062F91F48006812
:10D8E00001F061F90320194908702DE0184800780B
:10D8F000A0B9012211021848FCF75AFC0120144972
:10D90000087041F288311548006801F049F9134860
:10D91000006801F048F904200C49087014E00C4834
:10D92000007878B90F480078012804D100200D490B
:10D930000870FEF7F5FA0C48006801F034F9FF2092
:10D940000249087000E000BF00BF10BD7900002050
:10D950007B0000200010014000080140640000200E
:10D960007A0000207C0000206000002030B50C0E02
:10D9700015686B1C13604455C1F3074415686B1C94
:10D9800013604455C1F3072415686B1C136044559C
:10D9900015686B1C1360415530BD000070B504461E
:10D9A0000D46FF2286212046F6F7BDFF287820701D
:10D9B0002888000A60702868C0F30440A070A88816
:10D9C000C0F30A06A078E02101EA46110843A070DE
:10D9D000F008E070F00A2071FF206071A071202231
:10D9E0001146E01DF6F79FFF0F2214A1E01DF6F788
:10D9F00023FF2022114604F12700F6F794FF13A01D
:10DA00000168C4F827104068C4F82B002022114692
:10DA100004F14700F6F787FF0FA00168C4F847102C
:10DA2000007984F84B0004F1640001F03BF8FF201A
:10DA300084F8840084F8850070BD000042414C44A5
:10DA4000455F4F7574626F617264730046572D3184
:10DA50002E302E30000000005265762D410000006F
:10DA60002DE9F0410546002600271E480178007880
:10DA7000401C1C4A10701C4840F821501B4800787C
:10DA8000052804DA19480078401C18490870154820
:10DA90000078052823DB002408E0134850F8241000
:10DAA000304601F087FC0646601CC4B2052CF4DB4E
:10DAB0000F49304601F0ECFC0746002005E000214C
:10DAC000094A42F82010411CC8B20528F7DB0020A3
:10DAD00004490870054908703846BDE8F0810548DA
:10DAE000FBE7000068010020FC170020690100200E
:10DAF0000000A040000080BF10B5002405E0E0B2A7
:10DB0000002101F07DF9601C84B23F2CF7DB10BDD1
:10DB100010B500201D49486188610120C8610020BE
:10DB2000086048608860C8600861012008620E20B3
:10DB300048621748FAF7DEFD02211548FAF720FD82
:10DB40001348FBF764FC0E20104948611148FAF7AE
:10DB5000D1FD02210F48FAF713FD0E48FBF757FCE1
:10DB60000D49012000F0C6FF0C4908600846006816
:10DB700008B9F9F7A5FA4FF496710848006801F062
:10DB80000FF80648006801F00EF810BD8417002059
:10DB90000C020020340200202D740008EC0000204C
:10DBA0002DE9FC470446894600200190484601F0D3
:10DBB000D5FB074600220A4B01F09CFA054601F00E
:10DBC000EDF9824601AA51466846FFF7CFFE01995A
:10DBD000CAB22046694600F077F8BDE8FC8700002D
:10DBE000006AF8402DE9F04780460E4614461D466F
:10DBF00026F000473846A16801F0A8FD00D20026B3
:10DC00003046216801F0A2FE00D22668606880F0EC
:10DC100000473146384601F099FE02D2606880F034
:10DC200000461D480168304601F0CCFE814621695E
:10DC300001F0C0FD074618480168384601F0BAFBFC
:10DC40001549086005B314482968006801F0BAFE58
:10DC5000074627F000494846E16801F077FE0FD2F9
:10DC60000021384601F072FE01D2E06802E0E0686F
:10DC700080F000408146296801F09CFB064908605D
:10DC800005480068286000BF034801684046FFF768
:10DC900087FFBDE8F08700000C0100202DE9F04768
:10DCA00007460C4615461E46DDF820800DB120467D
:10DCB00001E084F0004081464346324649463846FA
:10DCC000FFF790FFBDE8F08770B504460E46154695
:10DCD00004200C498860084644600020C86008465B
:10DCE000056100200875084908702A463146064833
:10DCF000F6F7A2FD054B044A02490548FAF755FC20
:10DD000070BD000050170020CC000020C80000208B
:10DD10000C02002070B504460E46154600200B4943
:10DD20008860084604600020C8600846056100203D
:10DD300008752A4631460648F6F77EFD054B044A2B
:10DD400002490548FAF731FC70BD00005017002069
:10DD5000CC000020C80000200C0200202DE9F0417A
:10DD600004461049204601F093FB074601F086FC6B
:10DD70000546642105FB01F001F0BCFC0746214685
:10DD800001F015FE06460849304601F081FB0746C2
:10DD9000284601F0AFFC8046394601F00BFBBDE898
:10DDA000F08100000000C8420000704270B586B0EB
:10DDB000064614461D46142101A8F6F7DEFD234A47
:10DDC000002320462946F6F76FFA14461D46204ADE
:10DDD000002320462946F6F767FAC0B28DF8040002
:10DDE0001B4A002320462946F6F75EFA14461D46D4
:10DDF0004EF66022002320462946F6F755FAC0B2B7
:10DE00008DF805004EF66022002320462946F6F7DD
:10DE10004BFA14461D464FF47A72002320462946D9
:10DE2000F6F742FAC0B28DF806004FF47A7200237A
:10DE300020462946F6F738FA02920C200390142265
:10DE400001A93046F6F73DFD06B070BD005C260521
:10DE500080EE360070B504460D4600261AE000221A
:10DE600020210E48FCF7A4F904F0010028B101229A
:10DE700011460B48FCF79CF904E0002201210848F8
:10DE8000FCF796F9012220210448FCF791F964106F
:10DE9000701CC6B2AE42E2DB70BD00000010014053
:10DEA000000C01402DE9F04781460C46002639A1BF
:10DEB0004846F6F73FFC054667E00B2E5ED2DFE8EA
:10DEC00006F05D062B363944474C5D515900284613
:10DED000F6F748FC05281ED92846F6F71DFC07462C
:10DEE00042F2107097FBF0F0182190FBF1F201FB69
:10DEF0001200206142F2107097FBF0F100FB1170EC
:10DF0000642190FBF1F16161642097FBF0F100FB6B
:10DF10001171A16100BF31E02846FFF769FC074697
:10DF200000F0BAFF8246FFF719FF206026E028784C
:10DF3000207123E02846FFF75BFC074600F0ACFFAA
:10DF40008246FFF70BFFA06018E02878207315E0E9
:10DF50002846F6F7E1FBE06110E02846F6F7DCFB27
:10DF6000A0620BE02846FFF743FC074600F094FF51
:10DF7000206203E029782420015500BF00BF05A1DD
:10DF80000020F6F7D7FB0546761C002D95D1012021
:10DF9000BDE8F0872C0000002DE9F04F87B08346E4
:10DFA0000C464FF00009CA46002006900026059056
:10DFB000049044A15846F6F7BDFB05467CE0B9F154
:10DFC0000A0F71D2DFE809F070052D70707070359E
:10DFD0003D452846F6F7C6FB062821D32846F6F726
:10DFE0009BFB824642F210709AFBF0F69AFBF0F12E
:10DFF00000FB11A0642190FBF1F0059064209AFBD6
:10E00000F0F100FB11A0049000BF182E03DB183EB6
:10E01000E068401CE0602660059860600498A0609D
:10E0200042E02878412801D1012000E00020206250
:10E030003AE02846FFF7DCFB074600F02DFFA06121
:10E0400032E02846FFF7D4FB074600F025FFE061E9
:10E050002AE02846F6F786FB062824D30020039002
:10E0600028788DF80C0068788DF80D00002002905B
:10E07000A8788DF80800E8788DF809000020019054
:10E0800028798DF8040068798DF8050003A8F6F763
:10E0900043FBE06002A8F6F73FFB206101A8F6F71A
:10E0A0003BFB606100BF00BF00BF06A10020F6F788
:10E0B00041FB054609F10109002D80D1012007B07F
:10E0C000BDE8F08F2C0000002DE9F05F82460D4680
:10E0D0000026544634E0A34600E0641C20782C2837
:10E0E00002D020780028F8D194F800900020207009
:10E0F000012E04D0052E0AD0072E18D10FE0584665
:10E10000FFF776FB074600F0C7FE28600FE0584691
:10E11000FFF76EFB074600F0BFFE686007E0584659
:10E12000FFF766FB074600F0B7FEA86000BF00BF20
:10E13000B9F12C0F02D184F80090641C761C00BF4A
:10E14000092EC8DD0120BDE8F09F00002DE9F04751
:10E1500004463948007808B9BDE8F0870020364900
:10E16000087036480088322802DB312033490880A5
:10E1700000203349314A128888540B2231A12046AD
:10E18000F6F70FFB00B1E7E731A12046F6F7D2FA28
:10E1900081462FA10020F6F7CDFA80462DA1002060
:10E1A000F6F7C8FA07462CA14046F6F739FC40B905
:10E1B0003846FFF71DFB054600F020FF2A4908708E
:10E1C00030E02AA14046F6F72BFC40B93846FFF76D
:10E1D0000FFB054600F060FE2749086022E027A1FA
:10E1E0004046F6F71DFC40B91F2239462648F6F78F
:10E1F000EBFB00202449C87714E024A14046F6F741
:10E200000FFC40B91F2239462348F6F7DDFB0020FA
:10E210002149C87706E021A14046F6F701FC08B97C
:10E22000FEF77AFD32210648F6F785FB0020034908
:10E23000088000BF90E700008700002088000020D1
:10E24000C4130020244150505F434F4E46494700BD
:10E250002C0000002C0D0A004D41585F5448524FCD
:10E2600054544C4500000000140000204F444F4D12
:10E2700045544552000000005800002057524954B0
:10E28000455F4E414D45000035000020575249542E
:10E29000455F534E000000001500002055504441DA
:10E2A00054455F46570000002DE9F04780468946F7
:10E2B000144649464046F6F743FA054685B10AA199
:10E2C0002846F6F73DFA06464EB1701B471C3A4603
:10E2D00029462046F6F778FB0020E05500BF01E014
:10E2E00000202070BDE8F0870A00000010B5144639
:10E2F00000222260114A21F000439342A8BF10BDC2
:10E3000053EA000208BF10BDB3F5801FA8BF226802
:10E3100007DA362201F063FC6FF0350221F000438A
:10E320002260DFF81CC06FF31E510CEB23531A441C
:10E3300041F0FF5141F00051226010BD0000F07F1C
:10E3400002FCFFFF70B5024610784FF46161A0FB3C
:10E35000014150783C23A0FB0303241859419078D5
:10E36000251841F100014FF47A700024A5FB003616
:10E3700001FB006005FB0401184670BD704710B535
:10E38000292000F013F9182000F010F9012000F006
:10E390000DF9032000F00AF910BD70B504460D46D2
:10E3A00029462046F6F7CCF908B1012070BD0020BF
:10E3B000FCE702460A230A2A11D9012907D140F2B3
:10E3C0006630824201D8012070470020FCE740F609
:10E3D000EA30824201D30120F6E70020F4E7002072
:10E3E000F2E72DE9F04106460C4640F2FF7517466C
:10E3F00035EA14502BD000221346304600F092FD2F
:10E4000025D03A463046214601F0E9FB06460C4647
:10E4100035EA145010D000221346304600F082FD39
:10E4200015D10220F6F749FBFFF73AF90A462146D3
:10E4300062F31E01BDE8F0810220F6F73EFBFFF714
:10E4400027F90A46214662F31E01BDE8F0813046F5
:10E450002146BDE8F081FBF7C9FEFEF7ABFCFEF7F5
:10E4600029FAFEF70DFAFEF7C7F9FEF7E7F9FEF70E
:10E4700019FBFEF7DFFAFEF731FBFEF74BFBFEF769
:10E480008DF9F8F7BFF905E000F066FBF8F7BCFA84
:10E49000F8F7DAFCF8E770B5044600210A460B46A7
:10E4A0002068C0F314000243A088C0F30A00C1171B
:10E4B000490541EAD02142EA40520B43A07900F0DD
:10E4C0001F000343E07943EA4013207A400643EA01
:10E4D0001033607A000743EA1023A07A400743EA2A
:10E4E00050131046194670BD7FB504462046FFF70D
:10E4F000D2FFCDE90201DDE90201CDE900014FF4CF
:10E500006E454FF0406040EA0520E17A40EA01069E
:10E5100008226946304600F033F87FBD30B585B03B
:10E5200004460D46A068042801D005B030BD02A8FD
:10E53000009001AB03AA04A96068F8F7FDFA0398FC
:10E54000B0F56A4F07D10198C3B2217C9DF808202D
:10E550002846FFF713FF00BFE7E7000010B50446A9
:10E5600005480470017805480088FFF722FF08B9C4
:10E57000002010BD0120FCE708010020FC00002065
:10E5800070B588B006460C461546042004900396E4
:10E5900000200590069501AB224602A90248FAF731
:10E5A00004F808B070BD00003402002010B5044625
:10E5B000002280210848FBF7FBFD03218020FFF7A4
:10E5C000EFF809212046FFF7EBF8012280210248ED
:10E5D000FBF7EEFD00BF10BD000801402DE9F0473C
:10E5E0008AB007460D46144698464FF001094FF091
:10E5F000406040EA072040EA080AE2B22648007874
:10E6000025490978491C244B197062F31F10C0B2C8
:10E610008DF820002868CDF82100A888ADF82500E5
:10E62000A8798DF8270004200490CDF80CA00020D4
:10E6300005900820069001AB08AA02A91748F9F72F
:10E64000B4FFED1DE01FC4B221E08DF8209009F168
:10E65000010000F0FF09072C01DD072000E0204643
:10E660000646202207210DF12100F6F75CF932461B
:10E6700029460DF12100F6F7DFF801AB08AA02A93F
:10E680000648F9F792FF3544A01BC4B200BF002C26
:10E69000DBDC0AB0BDE8F087C400002034020020B3
:10E6A00070B5044621460948FFF778F9084D4FF048
:10E6B000406040EA0520E17A40EA0106E37A8622DA
:10E6C00002492846FFF78AFF70BD0000841600202B
:10E6D00014F001002DE9FC5F04460D461646FF22AA
:10E6E00008216846F6F71FF94FF6FF7000EA840725
:10E6F000804605F16400C0EB0020C82190FBF1F0DA
:10E7000000F0FF0900208DF80000F8B28DF801003C
:10E71000380A8DF8020008F0FF008DF803004FEA78
:10E7200018208DF804008DF80590FF208DF8060064
:10E730008DF807004FF4F93A4FF0406040EA0A20A4
:10E7400040EA060B082269465846FFF719FFBDE864
:10E75000FC9F00002DE9FC4104460D46FF220821E4
:10E760006846F6F7E0F800208DF800008DF80140CB
:10E77000064E4FF0406040EA062040EA05070822B6
:10E7800069463846FFF7FCFEBDE8FC8105F2010052
:10E790002DE9FC5F04460D4616461F4616492846DD
:10E7A00001F008F8834600F085FF1FFA80F88DF825
:10E7B000004008F0FF008DF801004FEA18208DF8A6
:10E7C00002008DF80360FF208DF804008DF805002D
:10E7D0008DF806008DF80700DFF820904FF04060BC
:10E7E00040EA092040EA070A082269465046FFF736
:10E7F000C7FEBDE8FC9F000000007A4311F2010053
:10E800002DE9F04F85B083460C469146584600F0FE
:10E81000A5FD07460022144B00F06CFC054600F0F5
:10E82000BDFB0490204600F099FD074600220E4BE8
:10E8300000F060FC054600F0B1FB039004980190E5
:10E8400003980290DFF824A04FF0406040EA0A20CD
:10E8500040EA09000090082201A90098FFF790FE05
:10E8600005B0BDE8F08F0000D012634101F801004F
:10E870002DE9FC5F80460C4615461A49404600F0DB
:10E8800099FF834600F016FF86B21649204600F035
:10E8900091FF834600F00EFF87B2F0B28DF80000C2
:10E8A000300A8DF80100F8B28DF80200380A8DF8B0
:10E8B0000300FF208DF804008DF805008DF8060098
:10E8C0008DF80700DFF820904FF0406040EA092003
:10E8D00040EA050A082269465046FFF751FEBDE8A6
:10E8E000FC9F00000000C84202F801002DE9F04F33
:10E8F00095B004460D4616461F46DDF888B02C211B
:10E900000AA8F6F73AF80022434B2046294600F0C1
:10E91000F1FB804601F0CEF8CDE9080100223E4B24
:10E920003046394600F0E6FB804601F0C3F8CDE9F9
:10E9300006010022394BDDE91E0100F0DBFB8046B9
:10E9400001F0B8F8CDE904015F2003907B2002902C
:10E9500040F21C7001904FF0000A0AA85044209920
:10E960000160219941600AF1080A0AA850440899F7
:10E970000160099941600AF1080A0AA85044069901
:10E980000160079941600AF1080A0AA850440499F5
:10E990000160059941600AF1080A00225046411CB5
:10E9A00001F0FF0A0AA90A5401225046411C01F055
:10E9B000FF0A0AA90A5400225046411C01F0FF0A2E
:10E9C0000AA90A540AA85044BDF80C1001800AF1A3
:10E9D000020000F0FF0A0AA85044BDF808100180A8
:10E9E0000AF1020000F0FF0A0AA85044BDF8041022
:10E9F00001800AF1020000F0FF0A0A225046411C81
:10EA000001F0FF0A0AA90A545B462B220448FFF7CB
:10EA1000E5FD15B0BDE8F08FD012634180842E4132
:10EA200005F801007CB5044601208DF800008DF842
:10EA300001008DF8020000208DF80300FF208DF802
:10EA400004008DF805008DF806008DF80700064DCE
:10EA50004FF0406040EA052040EA0406082269467B
:10EA60003046FFF78DFD7CBD44F8010010B5FBF783
:10EA700055F9044A002304490220FBF7F7F8FBF795
:10EA8000EBF810BDEFBEADDEF03F000810B500247E
:10EA900005E0E0B20F2100F0B3F9601C84B23F2C16
:10EAA000F7DB10BD70B588B00546FBF78DFB064659
:10EAB00033460CA220216846F5F796FC2022114629
:10EAC0002846F5F730FF6846F5F74CFE04461F2C44
:10EAD00000D91F24224669462846F5F7ADFE08B046
:10EAE00070BD000053544D33322D534E2D25303818
:10EAF0006C58000070B502460B4600BF1449096807
:10EB00000A290CD2124C25682468641C104E34600B
:10EB1000C5EBC5040F4D05EB84010C460EE000214A
:10EB200009E0C1EBC1050B4E06EB8504E568002D3D
:10EB300000DA03E0491C0A29F3DB0024204628B14F
:10EB40000021C160017202744361806170BD0000E8
:10EB500080000020AC0A002070B500251BE0C5EB4A
:10EB6000C5000E4901EB8004E068012800D011E0E7
:10EB7000207A70B1606960B1207C08B90020E06043
:10EB8000D4E905108847002020722046216800F053
:10EB900007F800BF6D1C0A2DE1DB70BDAC0A002038
:10EBA0000160416070470121C16070470021C16070
:10EBB00070470000002117E0C1EBC1020C4B03EBD2
:10EBC0008200C268012A00D00DE0426852B142685A
:10EBD000521E426042682AB9027AFF2A02DA027A99
:10EBE000521C027200BF491C0A29E5DB7047000075
:10EBF000AC0A00202DE9F04104460E46B4F5577FDB
:10EC000001D24FF4577440F6F430844200D90446E0
:10EC1000012E09D1A4F5577000F084FD0746104974
:10EC200000F036FC054609E040F6F431081B00F020
:10EC300079FD07460A4900F02BFC054600212846CD
:10EC400000F084FD00D200254FF07E51284600F0F0
:10EC50007DFE01D24FF07E552846BDE8F0810000D0
:10EC60000080094510B517490120FFF743FF1649F9
:10EC700008600846006808B9F8F722FA50211248DF
:10EC80000068FFF78DFF10480068FFF78CFF0F4901
:10EC90000120FFF72FFF0E4908600846006808B9F9
:10ECA000F8F70EFA64210A480068FFF779FF084870
:10ECB0000068FFF778FF002000F064F80120FFF7FC
:10ECC0004DFC10BD1D7A0008F4000020D5EC0008B2
:10ECD000F800002038B5054622480078D8B122480F
:10ECE0000078C0B921480078A8B1214801782148AE
:10ECF0000088FFF77FFF04461F4800901F480078F8
:10ED000008B1012000E0002002461D4B21460120F1
:10ED1000FEF7C4FF25E0002417480090174800784C
:10ED200008B1012000E000200246154B21460120D9
:10ED3000FEF7B4FF0E4801780E480088FFF739FB54
:10ED400070B10848007810B90120064908700748DA
:10ED5000007828B10448007810B1002002490870FA
:10ED600000BF38BD7600002078000020770000202A
:10ED700008010020FC000020000100207400002099
:10ED8000E817002010B5044634B1012C0DD0022C38
:10ED900014D0032C24D11AE0142213491348F5F798
:10EDA00090FD0020124908701BE0142211490F4801
:10EDB000F5F787FD01200E49087012E014220E4974
:10EDC0000A48F5F77EFD02200949087009E014227F
:10EDD0000A490648F5F775FD03200549087000E06B
:10EDE00000BF00BF10BD000010010020E817002088
:10EDF0000901002024010020380100204C010020DE
:10EE000070B505460C46A806050E002280210B4869
:10EE1000FBF7CEF90321A020FEF7C2FC062128460D
:10EE2000FEF7BEFC04212046FFF714F801228021E2
:10EE30000248FBF7BDF900BF70BD000000080140AB
:10EE400010B500290AD00878002807D00548784472
:10EE5000F5F7E6FD002801D0002010BD02487844F7
:10EE600010BD00005E0F0000560F000010B5002915
:10EE70000AD00878002807D005487844F5F7D0FD77
:10EE8000002801D0002010BD0248784410BD0000C9
:10EE90004E0F0000460F000021F00042A2F1605228
:10EEA000B2F5801F01F0004328BFD2F17F6C0BD96F
:10EEB0005FEA001C43EAC20242EB507018BF704781
:10EEC00028BF20F001007047B2F5801FBCBF184674
:10EED00070474FEA410C1CF5001F02D2084600F0B3
:10EEE00030BD70B500F0B0F900000089FFF7F6BF43
:10EEF0004FF00040A0F580007047000002494FF03D
:10EF0000000000F03ABE00BF0000F87F491058BF73
:10EF1000C1F140415B1058BFC3F140438B42EFF356
:10EF20000080704751EA030C17D41CF5801F58BFAE
:10EF3000BCF5801F00F10680994218BF704708BFDA
:10EF40009042704707D711F5801F58BF13F5801FF7
:10EF500019D499427047894270471CF5801F08D523
:10EF6000BCF5801FF7D58B4218BF704708BF82429F
:10EF700070474FF4001C1CEB410F38BF1CEB430FD4
:10EF800001D28B42704770B500F05EF992244900BF
:10EF90004FF000514FF08053FFF7B8BF4FEA4103E5
:10EFA0004FEA5353A3F58063D3F11E03C8BFD3F1D7
:10EFB000210C0CDD4FF0004242EAC12242EA5052DD
:10EFC00032FA03FC8CEAE17CACEBE1707047102B69
:10EFD000C4BF0020704703F5787CBCF1FF3F04D02C
:10EFE0006FF0004282EA2100704770B500F02CF902
:10EFF0004992248000207047F2E700004FEA115345
:10F00000A3F58063D3F11E03A8BFD3F1200C08DB66
:10F010004FF0004242EAC12252EA505232FA03F063
:10F02000704709420BD4102BC4BF0020704703F572
:10F03000787CBCF1FF3F05D04FF0FF3070474FF0B8
:10F040000000704770B500F0FFF800BF49922480BF
:10F0500000207047F0E7B0FA80F310FA03F10AD00D
:10F06000C3F11D0303F580634FEA41504FEA035299
:10F0700002EBD12170474FF00000704751EA030CBA
:10F0800017D41CF5801F58BFBCF5801F00F1068007
:10F09000994218BF704708BF9042704707D711F5D3
:10F0A000801F58BF13F5801F19D4994270478942B9
:10F0B00070471CF5801F08D5BCF5801FF7D58B4223
:10F0C00018BF704708BF824270474FF4001C1CEB0A
:10F0D000410F38BF1CEB430F01D28B42704770B514
:10F0E00000F0B2F8922449004FF000514FF08053E5
:10F0F000FFF70CBFDFF848C170B51CEA111E1EBF38
:10F100001CEA13159EEA0C0F95EA0C0F00F06F80B5
:10F1100081EA030423EA4C134EEAD47E21EA4C111F
:10F1200041F4801143F48013AE44A1FB024CA0FBD8
:10F130000365AEF17F7E361955EB0C05A1FB034C40
:10F140004CF10003A0FB021C16EB0C06654153F1C9
:10F150000003094218BF46F0010613F4007F0BD1EB
:10F160004FEA03314FEA0530340341EA155140EAD2
:10F1700016506FF003020AE04FEAC3214FEAC520A0
:10F18000F40241EA555140EA56506FF0020202EB98
:10F190002E4201EB025585EACE710AD05FEA440C9B
:10F1A00018BF24F0004450F1000041F1000120EAB2
:10F1B000D47040F2FE7C624500D270BDA84214BFFC
:10F1C0004FF080444FF04044002E08BF0024BEF1B1
:10F1D000806FA8BFA1F1C041BDE8704080F282807D
:10F1E0004FF0000001F1C04101F0004170479EEA7C
:10F1F0000C0F0CEA131518BF95EA0C0F06D04FF050
:10F20000000081EA030E0EF0004170BD00F01CF812
:10F210008900013E00F007B800F009B84FEA430C3E
:10F220005FEA5C5C08D081EA030100F05BB84FEA5A
:10F23000410C5FEA5C5CF6D14FF000000149704779
:10F240000000FF070000F87F0EF1020E2EF0030E03
:10F250005EF8046B364205D4012A43EB030515F52D
:10F26000001F12D8012841EB010C1CF5001F0CD81F
:10F270000ED14FEAD17C15F5001F0CEB4C0C0CF1B4
:10F28000020C08BF4CEBD37C04E04FF0080C01E00B
:10F290004FEAD37C0CEB4C0526FA05F606F0070680
:10F2A000B6F1040C06D20EEB860CBDE870404CF0B3
:10F2B000010C6047DFE80CF0090B02024FF000413F
:10F2C0004FF00000A1F5002170BD1946104601283D
:10F2D00051EB010418BFD4F5001484BF002001F0E5
:10F2E000004170BD0808A0F500114FEA31017047D8
:10F2F00053EA010C17D41CF5801F58BFBCF5801FC2
:10F3000000F106808B4218BF704708BF82427047E9
:10F3100007D713F5801F58BF11F5801F19D48B42F2
:10F3200070479B4270471CF5801F08D5BCF5801FB5
:10F33000F7D5994218BF704708BF904270474FF405
:10F34000001C1CEB430F38BF1CEB410F01D299424C
:10F3500070470FB40CBC03BCFFF7C1BE43004FEABB
:10F36000D30C4FEA3C0C43401FBF40070CF16051E7
:10F3700013F0FE4F70471CF0006F03D100200CF01B
:10F38000004170470CF0004343EA507010B540EA6A
:10F39000CC0000F090FA00BF000000924FEA00019C
:10F3A000FFF7A0BF4FF000414FF00000A1F5002192
:10F3B0007047000090EA010F48BF81F0004100F162
:10F3C0000883421A3CBF801A89184FEAD0524FF086
:10F3D0007F4C1CEA410FA2EBD15318BF9CEA026F8D
:10F3E00000F03B804FF0004C4CEA00204CEA012139
:10F3F00021FA03FC10EB0C0C1ED202F1FF325FEA83
:10F400001C2040EBC25038BF70471CF07F0F4FEA02
:10F41000400C18BFBCF17F4F38BF7047C3F12003C9
:10F42000994008BF20F00100BCF17F4F38BF704702
:10F43000A0F1C04000F085BA4FEA3C00000A40EB62
:10F44000C25028BF1CF0FF0F4FEA400CE6D018BF97
:10F45000BCF17F4F38BF7047EAE79CEA026F05D0E6
:10F4600010EA5C0F08BF00F00040704710B500F0D4
:10F4700022FA00BF64FBBE3E401058BFC0F14040BE
:10F48000491058BFC1F140418142EFF300807047FD
:10F490004FF47F0C1CEAD0121EBF1CEAD11392EA73
:10F4A0000C0F93EA0C0F00F0858090EA010F48BF23
:10F4B00042F4807240F4000C41F400002CF07F41D3
:10F4C00020F07F4000B58142A2EB03020FF2081C3E
:10F4D000ACEB504EC0F100009EF800E04FEA4E0E3B
:10F4E00000FB0EFC38BF49004FEA2C1C02F5FA0263
:10F4F0000CFB0EF34FEACE1E4FEA112C4FEAC1214E
:10F500000EEB635E42EB22420EFB0CFC4FEA1C53F7
:10F5100000FB03114FEA112C4FEA01310EFB0CFCEA
:10F520004FEADC4C00FB0C11C14228BF09184CEB20
:10F5300003335DF804EB10EB410143EBC250B2F52D
:10F540007C0F38BF704729D512F0F00F1CBF00F1B7
:10F55000C04000F000407047008182838485868728
:10F5600088898B8C8D8E8F919293959697999A9C82
:10F570009D9FA0A2A3A5A7A8AAACAEB0B2B3B5B7F1
:10F58000B9BCBEC0C2C5C7C9CCCED1D4D7D9DCDFC7
:10F59000E2E6E9ECF0F3F7FAFE0000004FEA400C77
:10F5A0000CF1807CBCF17E4F28BF7047B0F1C040A9
:10F5B00000F0C7B990EA010F0CEAD11348BF42F43A
:10F5C0008072624538BF634507D213F47F0F16D0AF
:10F5D00080EA010000F00040704710B500F06BF9C0
:10F5E000097EFC3E00F005B880EA010000F0004012
:10F5F000704780EA010000F0004000F0A2B912F468
:10F600007F0F04BF0248704780EA010000F099B9FB
:10F610000000C07F50EA010C00F113801CF5000FC0
:10F6200058BFBCF5000F01D48842704707D710F5CA
:10F63000000F58BF11F5000F15D48842704789425A
:10F6400070471CF5000F04D5BCF5000FF7D58142BB
:10F6500070474FF0807C1CEB400F38BF1CEB410F14
:10F6600001D28142704710B500F025F9922449007B
:10F670004FF000504FF08051FFF7FEBE41000B0EDF
:10F68000D3F19E0208D950F400034FEA032323FA72
:10F6900002F048BF4042704710B500F00CF900BFBF
:10F6A00049922480002070476FF0004282EA2000D7
:10F6B00070470000C10DD1F19E0206DB4FEA002326
:10F6C00043F0004323FA02F07047004207D54FEAA7
:10F6D0004001B1F1FE4F02D24FF00000704710B56B
:10F6E00000F0E9F849922480002070476FEA20007A
:10F6F0007047000010F0004148BF4042B0FA80F36C
:10F7000010FA03F2C3F19D030BD051EAC35101EB90
:10F710001220530638BF704700F1010008BF20F0E7
:10F7200001007047B0FA80F310FA03F2C3F19D03B1
:10F730000AD0D90501EB1220530638BF704700F1FB
:10F74000010008BF20F001007047000050EA010CE2
:10F7500000F113801CF5000F58BFBCF5000F01D459
:10F760008842704707D710F5000F58BF11F5000FFA
:10F7700015D488427047894270471CF5000F04D5A4
:10F78000BCF5000FF7D5814270474FF0807C1CEB31
:10F79000400F38BF1CEB410F01D28142704710B5BA
:10F7A00000F089F8922449004FF000504FF080514A
:10F7B000FFF762BE4FF47F0C1CEAD0121EBF1CEA9A
:10F7C000D11392EA0C0F93EA0C0F00F0478090EAF5
:10F7D000010F48BF42F480724FF0004C4CEA002009
:10F7E0004CEA012102EB0302A0FB0113A2F5000287
:10F7F000002918BF43F001035B0028BF4FEA330321
:10F8000042EB22425FEA132C4CEBC2502EBFBCEB02
:10F81000436FB2F57C0F70474FEA036CBCF1004FA9
:10F8200008BF20F00100B2F57C0F38BF70470BD540
:10F8300082F0FF0212F5803FC8BF704700F1C04060
:10F84000D8BF00F00040704700F5000C5FEA4C0C98
:10F8500048BF7047B0F1C04000F073B890EA010FA4
:10F860000CEAD11348BF42F48072624538BF634549
:10F8700004D280EA010000F00040704710B500F0AB
:10F880001AF800BF8900013E00F007B800F009B87F
:10F890005FEA410C5FEA1C6C08D080EA010000F0CE
:10F8A00050B85FEA400C5FEA1C6CF6D14FF00040A4
:10F8B000A0F5800070470EF1020E2EF0030E5EF8E8
:10F8C000044B244204D44FEA4102B2F17F4F11D8D5
:10F8D0004FEA4003B3F17F4F0CD80ED14FEAD07CF2
:10F8E000B2F17F4F0CEB4C0C0CF1020C08BF4CEB4F
:10F8F000D17C04E04FF0080C01E04FEAD17C0CEB26
:10F900004C0324FA03F404F00704B4F1040C06D207
:10F910000EEB840CBDE810404CF0010C6047DFE8B2
:10F920000CF0070802024FF00040A0F5800010BD67
:10F930000846420018BFD2F1807288BF00F0004034
:10F9400010BDFF2141EAD050C005704751EA000CBC
:10F9500000F113801CF5000F58BFBCF5000F01D457
:10F960008142704707D711F5000F58BF10F5000FFF
:10F9700015D481427047894270471CF5000F04D5A9
:10F98000BCF5000FF7D5884270474FF0807C1CEB28
:10F99000410F38BF1CEB400F01D28842704780EA0C
:10F9A000010081EA000180EA0100FFF7F8BE80F063
:10F9B000004090EA010F7FF504AD81F0004100F0B6
:10F9C00008B8000090EA010F48BF81F000413FF500
:10F9D000F8AC421A04D882F00042A0EB02001144B5
:10F9E0004FEAD0524FF07F4C1CEA410FA2EBD153AB
:10F9F00018BF9CEA026F4AD04FF0004C4CEA00203E
:10FA00004CEA012121FA03FCB0EB0C0C0FD412F0EC
:10FA1000FE0F36D05FEA4C001DD5001240EBC250FD
:10FA200038BF70471CF03F0F18BF70470BE0A2F1C2
:10FA300001025FEA1C2040EBC25038BF70471CF047
:10FA40007F0F18BF7047C3F12003994014BF401EB9
:10FA500020F00100704780084FEA122308BF70476A
:10FA6000B0FA80FCA2EB0C02CCF1280C60FA0CF08E
:10FA700093EA122F04BF00EBC25070474FEAC370E5
:10FA80007047130A5FEADC1008BF7047F6E79CEA8C
:10FA9000026F04D010EA5C0F08BF0020704710B559
:10FAA000FFF709FF40DFF63E81F0004070474FF05E
:10FAB000000070474FEAC1230A1543EA50534FEA4A
:10FAC000C02C18BF43F000431BD4A2F24E02D2F563
:10FAD0007C7240F34280502AA8BF502223FA02F1E0
:10FAE0002CFA02F0D2F1200260B403FA02F588BFCA
:10FAF0002843C2F1000223FA02F598BF284360BCF4
:10FB0000704702F57C7212F5826F08BF23F0004344
:10FB1000D2F12E0221DB1AD0502AA8BF502223FA9C
:10FB200002F12CFA02F0D2F1200260B403FA02F5DD
:10FB300088BF2843C2F1000223FA02F598BF284388
:10FB400060BC4042C1F1000138BF491E70479CF0C3
:10FB5000000F08BF93F0004FDED070B5FFF774FBC5
:10FB60009224498000214FF0000070476FEAE17055
:10FB700080F000417047F5F7D8B80CF00F03092B5F
:10FB800008BF082000F05F800A2B0BD0082B18BF9D
:10FB9000704708BF1CF0400F0AD04FF000004FF034
:10FBA000000170471CF0400F18BF4FF00040704735
:10FBB0001CF0100F08D020F0704300F07F4242EAA2
:10FBC000D3014FEA4370704700F0604021F07F425C
:10FBD00042EA000201F07F4040EA727070474FF045
:10FBE000FF0C4CF4E06C1CEA11531CBF9CEA030CA4
:10FBF0009445C2BFDA4201EB02517047002B0DD091
:10FC0000BCF1000F0FD0002A01F00041A4BF41F069
:10FC1000E04141F07F614FF00000704701F000418A
:10FC20004FF00000704750EA01334FF09B0C18BFB3
:10FC30004CF0806C7FF462A97047F5F78DBDF5F745
:10FC4000F1BEF6F77FB81CF4801F11D01CF4E02F32
:10FC500003D06FEACC31490070474FF04050EFF3CA
:10FC6000008222F0704242EA000282F3008870476C
:10FC70004FF0000070470000040506070809000067
:10FC80000000000D0102030405060708090A0B0C19
:10FC90000D0E0F1000000000000000000102030420
:10FCA0000607080900000000010203043031323366
:10FCB00034353637383941424344454640305800A0
:10FCC00030313233343536373839616263646566D2
:10FCD000403078000400000800000000000000022E
:10FCE000000100001000000002400000000000A021
:10FCF0000000000005400000000000C800000000F7
:10FD00000C4000000000409C000000001940000072
:10FD10000020BCBE0000000034400000BFC91B8EA4
:10FD200000000004B5400000504BCFD06607E2CF82
:10FD3000010000006C4100003E8251AADFEEA734B2
:10FD400001000000D9420000DCB5A0E23A301F9764
:10FD5000FFFFFFFFB4450000FD25A0C8E9A3C14F88
:10FD6000FFFFFFFFFF3F00000000008000000000D9
:10FD7000FF3F00000000008000000000D8FE0008E7
:10FD800000000020DC0100008C41000888FF000812
:10FD9000DC010020041D0000E84100080000000014
:10FDA0000000F07FFFFFFFFFFFFFEF7F1C00000060
:10FDB00043000000F8FFFFFF0C0000000E000000F1
:10FDC0000F0000002E0000001001000043000000A2
:10FDD000F8FFFFFF0040404040404040404041416C
:10FDE0004141414040404040404040404040404010
:10FDF00040404040400502020202020202020202AA
:10FE000002020202022020202020202020202002A6
:10FE10000202020202029090909090901010101036
:10FE200010101010101010101010101010101010D2
:10FE30000202020202028888888888880808080866
:10FE40000808080808080808080808080808080832
:10FE5000020202024000000000000000000000005A
:10FE60000000000000000000000000000000000092
:10FE70000000000000000000000000000000000082
:10FE80000000000000000000000000000000000072
:10FE90000000000000000000000000000000000062
:10FEA0000000000000000000000000000000000052
:10FEB0000000000000000000000000000000000042
:10FEC0000000000000000000000000000000000032
:10FED000000000000000000081321042012324F4E1
:10FEE0004C4A4B780101170D1648414C4F1C9103A9
:10FEF00017B2423967110210FF281577246B6D3C49
:10FF00005D5F647F7D77126B5B1E5D7D137F5F2D70
:10FF1000121013FE071319A04C0421020C13964B68
:10FF20001C0422030C130104138F46034C042320EA
:10FF3000099A99193FCDCCCC3E37803E8FC2753C93
:10FF400019103A4C041D0AD7A33D1C2A3C202D66EB
:10FF500066663F041914291019182B4C3E18E93C09
:10FF60000111750801400813E5701B08C904C1425E
:10FF700001750C014020131975CC08FD7424420250
:08FF80004D100140012E011992
:04000005080041515D
:00000001FF
